plate,mjd,fiberid,fibermag_r,petromag_r,z
1242,52901,331,16.54792,15.52795,0.03984664
294,51986,253,17.94353,17.01119,0.08491749
296,51984,230,18.14473,17.45719,0.08697884
296,51984,233,18.22562,17.70168,0.08408105
310,51990,74,18.33261,17.81421,0.09076992
313,51673,26,18.18451,17.30946,0.08427101
363,51989,279,18.29098,17.51791,0.08663638
363,51989,174,18.21492,17.51875,0.08583865
292,51609,393,18.66666,17.80177,0.09143047
296,51984,422,17.27604,16.46505,0.05369467
302,51688,623,18.02962,17.20438,0.05391951
302,51688,636,17.83524,17.01576,0.05439847
303,51615,552,17.27273,16.47168,0.05278205
295,51985,410,17.55228,16.59952,0.07298487
311,51665,605,18.18267,17.55149,0.09329423
270,51909,42,17.38836,16.61147,0.04499136
270,51909,42,17.38836,16.61147,0.04499136
279,51984,225,17.47091,16.50074,0.04776745
303,51615,75,17.81937,17.01626,0.08258954
304,51609,90,17.5622,16.81172,0.05100724
266,51630,177,17.90845,17.15841,0.0632066
266,51630,177,17.90845,17.15841,0.0632066
270,51909,113,18.19577,17.52345,0.0915454
270,51909,113,18.19577,17.52345,0.0915454
271,51883,265,17.15579,16.22687,0.05991426
271,51883,175,17.9006,17.3851,0.06452124
280,51612,145,17.46097,16.71725,0.04832833
306,51637,72,18.37615,17.65252,0.09269177
310,51990,71,18.24349,17.55193,0.09051643
311,51665,186,17.78143,17.03528,0.09227359
313,51673,153,17.77554,17.08086,0.04460059
276,51909,436,16.6614,15.7358,0.04032925
279,51984,595,18.10898,17.52324,0.07258304
307,51663,385,18.30494,17.35175,0.05706688
315,51663,557,18.25648,17.6326,0.07964799
467,51901,272,18.22401,17.48838,0.09643786
467,51901,71,18.05583,17.23032,0.08624901
270,51909,618,18.15761,17.4613,0.09661758
283,51959,453,17.83814,17.0192,0.07569534
295,51985,634,17.70301,16.9506,0.07978579
305,51613,506,17.95119,17.28595,0.0844623
481,51908,296,18.61799,17.80398,0.0985582
275,51910,610,18.18988,17.45061,0.09704216
426,51882,200,17.80837,17.07309,0.07268868
430,51877,325,17.80253,17.13175,0.06655195
459,51924,211,18.52062,17.74133,0.06968353
339,51692,422,18.34615,17.67098,0.08589594
333,52313,428,18.14001,17.40141,0.08856412
338,51694,495,18.11654,17.39074,0.08578072
339,51692,603,18.10357,17.39865,0.08259552
334,51993,57,18.05946,17.47871,0.07121044
329,52056,140,18.1789,17.38798,0.0707938
339,51692,276,18.22252,17.67743,0.08495803
341,51690,133,17.63091,16.86755,0.08679923
334,51993,240,16.02815,14.67561,0.02497949
339,51692,192,17.40395,16.62532,0.06443235
339,51692,594,17.64164,16.86675,0.07612113
330,52370,600,17.80333,17.09479,0.07974511
338,51694,468,17.70421,16.85888,0.08484954
338,51694,464,18.37945,17.65568,0.08649816
332,52367,535,18.35229,17.59957,0.0812453
337,51997,450,16.70394,15.70927,0.04821774
338,51694,459,18.27852,17.4953,0.0829585
339,51692,609,18.25023,17.58944,0.08181681
340,51990,389,18.03391,17.4004,0.08405636
472,51955,82,17.23844,16.27795,0.05201171
476,52314,257,17.79759,17.18946,0.04803053
472,51955,78,18.1454,17.41757,0.09098859
468,51912,262,17.98347,17.30225,0.09921695
475,51965,84,17.59081,16.7442,0.07228389
599,52317,355,17.91,17.25277,0.06489683
445,51873,581,18.41211,17.65479,0.0974091
435,51882,538,18.00673,17.18402,0.07116088
443,51873,598,17.51943,16.80875,0.05151215
453,51915,343,18.31353,17.72116,0.09616384
295,51985,486,17.84133,17.23164,0.0817907
355,51788,290,18.13606,17.38882,0.08387049
367,51997,234,16.96539,15.96866,0.07246289
359,51821,368,17.40053,16.61179,0.05182534
351,51695,578,17.542,16.70416,0.0772469
362,51999,296,17.11447,16.22719,0.05167442
445,51873,622,18.35328,17.69955,0.07433217
602,52072,181,17.48464,16.88497,0.04094067
604,52079,180,16.21549,15.26392,0.03107941
622,52054,342,17.84277,17.32266,0.08302419
435,51882,509,17.62052,16.72549,0.07482351
439,51877,165,17.9839,17.36206,0.0833552
443,51873,633,17.71399,17.10888,0.05316161
445,51873,567,18.13597,17.33841,0.09806902
449,51900,193,18.16021,17.53504,0.08600901
614,53437,422,18.05734,17.36617,0.06833778
618,52049,326,18.08739,17.49483,0.08316506
447,51877,460,18.06752,17.38893,0.08679495
446,51899,71,17.11395,16.18172,0.04273668
450,51908,367,18.17986,17.53758,0.08183832
452,51911,333,18.25719,17.54406,0.09716186
448,51900,518,17.87246,17.13186,0.08744816
496,51988,187,18.22195,17.66853,0.06604797
487,51943,182,17.75551,17.09113,0.06673117
483,51924,548,17.93766,17.22708,0.0948898
491,51942,468,17.49505,16.65552,0.05454722
496,51988,459,18.11607,17.4264,0.09857894
442,51882,146,18.24964,17.57243,0.07169995
444,51883,147,16.82408,15.67611,0.04408879
432,51884,170,18.19049,17.57407,0.07200022
297,51959,198,18.00565,17.43645,0.07998345
297,51959,467,18.19857,17.47124,0.08448351
617,52072,347,18.26441,17.64329,0.07202963
485,51909,432,17.14714,16.43159,0.05781955
2947,54533,47,17.8299,16.97565,0.07474704
621,52055,136,17.61335,16.71487,0.06377765
621,52055,83,17.68501,16.81731,0.06289016
621,52055,100,18.13447,17.48289,0.06350244
623,52051,425,17.75471,16.86391,0.08826665
444,51883,626,16.82429,15.74205,0.04680038
629,52051,175,18.00672,17.21901,0.07341997
629,52051,148,17.54764,16.73111,0.06149645
521,52326,207,18.06545,17.16193,0.0874832
313,51673,414,18.22051,17.54632,0.08228496
524,52027,163,17.88487,17.18992,0.04770138
533,51994,109,16.62911,15.59776,0.05530299
540,51996,195,16.57165,15.46046,0.02826536
506,52022,400,18.37533,17.71188,0.08166806
528,52022,306,17.96861,17.36255,0.07915866
534,51997,555,18.51156,17.80383,0.08533819
537,52027,313,17.58865,16.69562,0.07271609
505,52317,501,18.04346,17.2858,0.07787945
521,52326,440,17.86362,17.38873,0.0737734
530,52026,510,18.25641,17.53443,0.09268919
539,52017,490,18.3252,17.63145,0.09596038
2953,54560,431,17.4645,16.53571,0.05100054
523,52026,538,17.27582,16.44517,0.07170247
524,52027,361,17.69018,16.76749,0.0700973
537,52027,609,16.99259,16.06857,0.02917935
540,51996,530,18.49142,17.71908,0.09989419
518,52282,406,17.81659,17.10186,0.07639409
518,52282,452,18.10308,17.4655,0.08001015
518,52282,449,17.95874,17.259,0.07840803
518,52282,450,18.07484,17.55212,0.07823912
844,52378,216,18.23194,17.63445,0.07625999
518,52282,568,18.08569,17.51943,0.07633731
518,52282,577,17.9382,17.22859,0.07501289
518,52282,566,17.79727,17.00849,0.07800902
268,51633,369,17.29359,16.58317,0.0465229
268,51633,369,17.29359,16.58317,0.0465229
521,52326,264,17.88856,17.19803,0.07509001
537,52027,270,18.49795,17.7747,0.08434063
477,52026,194,18.35386,17.73923,0.07668866
481,51908,149,18.44083,17.79642,0.09879934
481,51908,40,16.84887,15.82106,0.03167216
509,52374,164,18.31501,17.68099,0.06574912
519,52283,193,18.4594,17.80408,0.09127671
521,52326,303,18.1409,17.55132,0.08014645
480,51989,344,18.42111,17.87754,0.0641013
503,51999,550,18.28741,17.78456,0.07335065
509,52374,493,17.95021,17.39212,0.0643985
510,52381,475,17.90009,17.10831,0.07475983
510,52381,199,18.1292,17.46113,0.07608543
510,52381,175,17.87196,17.12616,0.07982262
534,51997,634,18.32991,17.64422,0.08612736
511,52636,481,17.05386,16.1544,0.04800332
504,52316,536,18.05053,17.13082,0.07408082
533,51994,338,18.02355,17.35229,0.0811047
269,51910,271,18.41159,17.80835,0.09307487
269,51910,271,18.41159,17.80835,0.09307487
268,51633,625,17.9587,17.33138,0.06608251
268,51633,625,17.9587,17.33138,0.06608251
582,52045,137,18.39116,17.69524,0.09245205
587,52026,276,16.29602,14.88807,0.0271035
589,52055,293,18.25311,17.39509,0.08361685
590,52057,257,18.31313,17.69121,0.09157158
586,52023,73,16.77578,15.68522,0.02742171
587,52026,238,17.94881,17.29765,0.06396018
591,52022,370,17.18863,16.16252,0.08754397
585,52027,539,17.99624,17.34686,0.08404101
591,52022,580,17.13872,16.13288,0.05292075
582,52045,610,18.37995,17.66163,0.09018413
584,52049,460,18.34964,17.70027,0.08736949
638,52081,291,18.38272,17.59693,0.07978819
637,52174,40,18.43044,17.57143,0.07361212
1178,52825,245,18.46508,17.8949,0.06370866
717,52468,94,18.66891,17.79803,0.07716816
718,52206,117,17.76158,17.14071,0.0706153
634,52164,626,18.21598,17.43596,0.08535407
722,52224,456,18.06523,17.25,0.07932036
662,52147,260,17.30705,16.55491,0.06143863
659,52199,133,18.0324,17.37319,0.08308846
651,52141,295,18.06606,17.3798,0.06457114
657,52177,103,17.64679,17.07188,0.05402624
649,52201,188,18.33881,17.67937,0.07735987
668,52162,121,17.66451,16.85971,0.06942458
655,52162,72,17.23449,16.25249,0.05943012
664,52174,320,16.81693,15.83263,0.05132803
649,52201,570,17.99629,17.28658,0.07421351
654,52146,379,18.56083,17.79867,0.09642341
656,52148,522,18.30283,17.58794,0.07618456
658,52146,453,18.34773,17.726,0.07795649
635,52145,282,17.93409,17.23639,0.08125388
644,52173,394,18.06884,17.31622,0.09062801
738,52521,62,18.01766,17.25436,0.08959398
750,52235,145,18.54153,17.89511,0.09423462
735,52519,634,17.86066,17.03352,0.06784426
748,52233,227,18.43378,17.87482,0.0929459
738,52521,556,17.86444,17.18608,0.08585756
741,52261,387,18.39758,17.8565,0.08654889
649,52201,130,18.08351,17.57056,0.07177377
658,52146,301,17.70481,17.12338,0.05509663
650,52143,389,17.65756,16.86248,0.07640859
651,52141,511,17.17382,16.30616,0.04152862
653,52145,518,16.9661,16.18495,0.05376649
656,52148,360,17.51283,16.69775,0.05926879
656,52148,412,17.81572,17.13107,0.0772785
660,52177,411,18.08191,17.4223,0.06512664
729,52468,271,17.43129,16.67923,0.06994181
725,52258,65,18.33683,17.63341,0.0902836
648,52559,275,17.95537,17.18424,0.07347865
648,52559,199,18.40215,17.70512,0.07882629
544,52201,141,18.35163,17.75168,0.07582548
558,52317,440,17.99537,17.33771,0.08139616
752,52251,56,17.82695,16.9836,0.08421376
428,51883,211,18.39429,17.84314,0.060723
418,51817,199,17.04122,16.01753,0.03841839
419,51879,439,18.17777,17.52003,0.07847088
418,51817,630,18.32277,17.62065,0.07760888
475,51965,39,18.45439,17.74782,0.08819866
467,51901,458,17.38216,16.58917,0.05232973
503,51999,452,17.48491,16.64517,0.04619312
509,52374,427,17.66356,16.97536,0.05773874
508,52366,417,17.79005,16.81425,0.053576
555,52266,64,17.90719,17.15847,0.04597967
554,52000,275,16.29828,14.80319,0.02539575
559,52316,298,17.38137,16.65965,0.07498769
552,51992,461,18.22,17.48783,0.09956013
553,51999,403,17.85707,17.0496,0.09522074
553,51999,460,18.1838,17.30251,0.09781152
553,51999,545,18.3087,17.60257,0.09958907
554,52000,395,17.03289,15.56274,0.04408099
546,52205,433,18.29043,17.56286,0.06270089
545,52202,253,18.32415,17.58234,0.09758489
439,51877,40,17.79405,17.18756,0.05659731
441,51868,111,17.64676,16.92441,0.05138757
602,52072,100,17.77446,17.05954,0.08556794
606,52365,167,17.66136,16.92665,0.07386032
608,52081,350,18.02891,17.12925,0.08564122
607,52368,48,16.66272,15.42541,0.05036274
576,52325,290,17.91189,17.13918,0.07269169
576,52325,291,17.4942,16.69479,0.07476789
577,52367,260,18.38766,17.73863,0.08204996
567,52252,109,17.40362,16.68849,0.05440908
577,52367,589,18.07039,17.35002,0.06802042
578,52339,322,17.83445,17.1636,0.06670675
578,52339,369,18.02625,17.3062,0.07149565
577,52367,629,17.88709,17.12151,0.07107199
578,52339,622,17.84366,17.07758,0.07159911
580,52368,387,16.87657,16.13557,0.04259953
581,52356,483,18.05435,17.2565,0.07603709
581,52356,549,18.17529,17.42816,0.07577048
581,52356,293,18.48158,17.6844,0.07516832
835,52326,136,18.47582,17.83674,0.06890932
840,52374,45,18.15318,17.44992,0.09759108
840,52374,106,18.02493,17.53269,0.07489181
564,52224,36,17.8058,16.93993,0.05951725
569,52264,551,16.6836,15.43938,0.04633902
566,52238,546,18.3879,17.58459,0.09475992
571,52286,588,17.29843,16.46479,0.09254149
835,52326,349,17.08825,16.29016,0.04165377
838,52378,519,17.81435,16.97945,0.09716124
843,52378,386,17.8997,17.1058,0.07998919
842,52376,585,17.50228,16.8458,0.07446633
843,52378,399,17.7527,17.1727,0.07743599
843,52378,431,17.94023,17.36263,0.07957033
842,52376,590,18.14344,17.46935,0.07408304
842,52376,625,18.01112,17.29966,0.07539869
571,52286,323,17.46397,16.58794,0.08320667
577,52367,536,18.20376,17.64089,0.06722529
577,52367,547,17.53531,16.69549,0.06703668
838,52378,481,18.35894,17.63635,0.0973407
840,52374,370,17.99902,17.32162,0.07306893
758,52253,632,17.2192,16.21504,0.06127848
759,52254,495,17.61876,16.84283,0.06769188
759,52254,408,17.78063,17.08989,0.06409832
761,54524,385,18.25154,17.66241,0.08074179
268,51633,98,17.85475,17.0673,0.08532126
268,51633,98,17.85475,17.0673,0.08532126
269,51910,214,18.21714,17.47888,0.09419206
269,51910,214,18.21714,17.47888,0.09419206
274,51913,252,18.42594,17.6756,0.09774555
268,51633,509,17.8765,17.1382,0.09149828
268,51633,509,17.8765,17.1382,0.09149828
587,52026,305,16.11791,14.73031,0.02813929
586,52023,69,16.62788,15.43648,0.02740041
586,52023,21,15.99099,14.48256,0.02560094
589,52055,57,16.88782,16.07401,0.04178319
592,52025,64,18.42088,17.85363,0.07480927
850,52338,178,18.20767,17.45604,0.09742402
850,52338,67,17.25739,16.39185,0.05305604
591,52022,176,18.258,17.65015,0.08069835
591,52022,4,17.32833,16.43307,0.04464713
855,52375,333,18.35772,17.68438,0.09430788
582,52045,535,17.94495,17.04869,0.08462109
609,52339,499,18.47433,17.72074,0.07487264
619,52056,100,17.29201,16.31759,0.06436528
623,52051,483,16.99833,16.14818,0.03361193
619,52056,562,18.17729,17.4546,0.08243446
632,52071,442,17.91297,17.25087,0.06097486
625,52145,375,18.32204,17.60471,0.09915767
627,52144,39,17.43178,16.62808,0.05823507
951,52398,165,17.86636,17.29089,0.0689491
766,52247,589,18.27101,17.75987,0.08725055
950,52378,632,17.46239,16.85037,0.04984865
955,52409,483,17.80212,16.96527,0.05969585
2881,54502,556,18.03724,17.36436,0.06304871
957,52398,581,17.55384,16.61044,0.05986017
960,52425,418,17.53424,16.73604,0.07186767
960,52425,429,17.92842,17.06502,0.0724289
959,52411,598,18.03615,17.471,0.07157046
2881,54502,532,18.11895,17.48298,0.06296621
510,52381,408,16.18698,15.28616,0.02966021
844,52378,219,18.28437,17.53752,0.07442313
846,52407,255,17.82727,17.12334,0.07318868
849,52439,81,16.9025,15.96605,0.04018792
854,52373,108,18.35837,17.70252,0.07942866
839,52373,310,18.41088,17.74842,0.08943021
846,52407,188,18.00051,17.30285,0.07644667
848,52669,115,18.11458,17.29894,0.09711423
843,52378,511,18.1185,17.27681,0.07598016
845,52381,552,18.45351,17.80401,0.08064843
854,52373,584,18.30127,17.80213,0.07665642
855,52375,506,17.93978,17.16873,0.07751544
855,52375,581,18.08933,17.49222,0.0750878
838,52378,574,18.28287,17.63349,0.09625383
846,52407,522,17.48405,16.67792,0.07273231
616,52442,245,18.40638,17.57319,0.09855037
976,52413,323,16.60552,15.75105,0.03060806
632,52071,381,18.39661,17.72475,0.09480483
622,52054,524,18.10029,17.47337,0.05647042
625,52145,347,18.3679,17.7048,0.05839803
776,52319,259,17.77274,16.9178,0.06162333
794,52376,29,18.14903,17.48155,0.07006547
795,52378,600,18.19199,17.58581,0.07355493
555,52266,156,17.45323,16.74188,0.04776438
556,51991,58,17.47505,16.55068,0.07214611
560,52296,180,17.98521,17.32134,0.09786818
785,52339,68,18.01389,17.26877,0.07175024
776,52319,470,17.93846,17.15559,0.07389756
776,52319,574,18.40661,17.67397,0.09946655
816,52379,306,16.66314,15.52001,0.03291619
973,52426,142,17.57781,16.66243,0.07019651
817,52381,127,18.21185,17.51328,0.07863919
777,52320,42,18.10358,17.44331,0.08013139
786,52319,285,17.30712,16.48895,0.07037356
779,52342,4,18.40236,17.7124,0.09958691
775,52295,263,17.75505,17.15005,0.05503943
783,52325,275,17.79402,17.05569,0.08995287
813,52354,164,17.63602,16.88181,0.05937884
812,52352,455,17.78083,16.87805,0.05942798
781,52373,579,17.5291,16.74981,0.06205326
782,52320,549,17.83305,17.10021,0.07644665
315,51663,581,18.21314,17.59657,0.0635557
2954,54561,264,18.04005,17.29199,0.07421942
593,52026,307,18.32416,17.58241,0.08697715
593,52026,266,18.28317,17.59805,0.09624057
975,52411,437,18.37695,17.63153,0.08201127
817,52381,550,17.55192,16.51326,0.06125262
972,52435,1,18.02444,17.36049,0.08831004
910,52377,59,18.4587,17.80418,0.08804053
915,52443,170,17.21612,16.55239,0.05473125
915,52443,62,17.80029,17.06971,0.0658799
910,52377,503,18.44078,17.62929,0.08081221
911,52426,426,18.28001,17.59839,0.08358753
912,52427,167,18.18161,17.40255,0.09431919
914,52721,148,18.10284,17.38552,0.09311856
919,52409,73,16.3632,15.44674,0.04120101
340,51990,390,18.29865,17.62822,0.08382835
341,51690,542,18.24651,17.51943,0.08599044
911,52426,492,18.43328,17.58355,0.08500791
820,52438,196,17.90232,17.12184,0.07081975
820,52438,72,17.32566,16.59678,0.06308592
974,52427,173,17.96258,17.30089,0.09782305
974,52427,142,18.18921,17.65352,0.08803692
2972,54586,251,18.49577,17.95458,0.08757217
974,52427,632,18.19027,17.4736,0.0831102
632,52071,523,17.54773,16.90103,0.06308315
922,52426,26,17.11817,16.15984,0.03691157
922,52426,441,18.68969,17.86139,0.07146715
923,52404,456,18.49043,17.59981,0.05372724
922,52426,324,18.42315,17.85674,0.08684231
582,52045,527,17.82733,17.01875,0.08519002
591,52022,406,18.34805,17.63424,0.09549049
591,52022,440,18.36629,17.58774,0.09720802
594,52045,388,18.13918,17.43865,0.08414367
1825,53504,277,17.98991,17.35903,0.0853771
1826,53499,55,16.93872,15.89973,0.05575201
1828,53504,87,17.71288,17.07083,0.06000944
1830,54560,218,17.15742,16.17221,0.06326567
1833,54561,23,16.96898,16.26102,0.03577138
1830,54560,78,17.50891,16.84196,0.04558988
1834,54562,195,18.32126,17.66986,0.07824139
1835,54563,164,18.23533,17.47873,0.08723716
1835,54563,55,17.35832,16.26648,0.03866035
1837,53494,282,17.68012,16.88583,0.05578162
1808,54176,629,17.76619,17.04676,0.08589772
1824,53491,478,18.3716,17.78102,0.09335458
1833,54561,407,18.28757,17.48853,0.0826529
1825,53504,556,18.35071,17.71891,0.09687831
1826,53499,324,17.96858,17.29842,0.05726726
739,52520,232,18.2202,17.63084,0.0920083
732,52221,348,18.17772,17.52511,0.08325937
732,52221,391,18.3167,17.70404,0.08033737
730,52466,64,18.14797,17.4484,0.06028308
730,52466,25,18.39044,17.82373,0.06209139
746,52238,291,17.57091,16.70153,0.04601458
399,51817,171,18.09974,17.19946,0.07698428
721,52228,165,18.46911,17.58597,0.08738539
726,52226,59,18.48303,17.80601,0.08755813
726,52226,504,18.38224,17.76291,0.08255985
371,52078,283,17.11862,16.0841,0.0594183
982,52466,89,18.69275,17.99775,0.09668926
983,52443,185,17.35297,16.48337,0.05529926
376,52143,471,17.53551,16.95215,0.05763945
404,51812,287,17.50658,16.68571,0.04179531
830,52293,133,16.65857,14.85128,0.0286126
1061,52641,325,17.53654,16.58536,0.07424693
1061,52641,323,18.50286,17.63273,0.07407375
390,51900,586,18.18694,17.67106,0.07166046
387,51791,465,18.22226,17.57284,0.08039642
906,52368,26,17.42636,14.9047,0.07276089
904,52381,331,18.40398,17.74915,0.09410895
832,52312,235,18.19272,17.58713,0.09740596
828,52317,185,17.45801,16.60355,0.05358685
407,51820,343,18.41048,17.67488,0.0733884
1018,52672,88,17.95667,17.20392,0.08153968
1006,52708,582,17.66268,17.00519,0.07575111
1008,52707,428,17.34016,16.50303,0.06867867
1008,52707,470,17.77951,17.12034,0.07426031
1016,52759,542,17.62423,16.8593,0.06525885
1009,52644,413,18.10541,17.44238,0.06318985
1015,52734,329,18.32063,17.75595,0.07245089
1015,52734,530,17.84385,16.9981,0.06139125
1016,52759,565,18.08488,17.49811,0.05520389
1018,52672,524,17.53411,16.73938,0.08210792
888,52339,13,18.36416,17.78298,0.09315608
893,52589,79,17.69353,16.95866,0.08151122
893,52589,170,18.12557,17.50332,0.08155378
758,52253,72,17.91529,17.13709,0.0705552
759,52254,17,18.47824,17.792,0.09915125
761,54524,131,18.07732,17.34885,0.05689055
896,52592,80,18.21932,17.46253,0.09399322
889,52663,612,17.91018,17.33611,0.05991222
889,52663,405,17.17669,16.18657,0.05715693
904,52381,69,17.65274,16.78936,0.06944811
1311,52765,114,18.30472,17.63245,0.08099564
1312,52781,556,17.79403,16.87486,0.06454159
909,52379,335,17.18238,16.36611,0.0459017
908,52373,523,18.3588,17.51791,0.07656788
1313,52790,525,18.58973,17.74593,0.09834427
882,52370,1,18.55402,17.76326,0.09244939
884,52374,129,18.01041,17.18622,0.08610652
971,52644,524,17.73534,17.21876,0.08593325
878,52353,110,15.78984,14.3754,0.02762028
1198,52669,176,18.19542,17.53153,0.09444051
1199,52703,553,18.19305,17.54686,0.09504505
865,52323,284,16.69102,15.67999,0.04121788
865,52323,442,18.27125,17.63259,0.09280697
882,52370,631,18.0107,17.22504,0.06248748
884,52374,502,16.9158,16.01398,0.03020984
1198,52669,340,18.19883,17.54054,0.0884686
1199,52703,360,18.25743,17.52909,0.08622084
882,52370,607,17.87938,17.13768,0.08200199
885,52379,522,17.51892,16.70325,0.06527617
886,52381,531,17.47208,16.65627,0.05388673
904,52381,219,17.33538,16.50047,0.06094807
904,52381,310,16.68019,15.45895,0.04421164
895,52581,1,18.01174,17.01822,0.05709599
762,52232,86,16.55264,15.4305,0.03105015
1200,52668,616,17.65156,16.98029,0.07136793
1201,52674,544,16.19576,14.83533,0.02464091
882,52370,214,17.84447,17.11429,0.06211248
883,52430,289,17.81005,16.9453,0.08480053
881,52368,265,18.35512,17.64458,0.07736705
937,52707,75,17.88258,17.14025,0.06884205
938,52708,118,18.07017,17.2335,0.07524934
941,52709,252,17.72221,16.86016,0.07266863
942,52703,186,18.08661,17.19756,0.07367745
943,52376,583,18.36398,17.67846,0.08426625
932,52620,27,18.04058,17.45496,0.08634751
936,52705,190,18.48598,17.74643,0.09831139
937,52707,233,17.87008,17.01789,0.05686329
940,52670,70,17.8257,17.10999,0.07163668
1283,52762,128,18.26127,17.65145,0.06215606
1291,52738,304,18.4429,17.74256,0.08471542
964,52646,69,18.47132,17.82215,0.08688381
966,52642,31,17.9863,17.22879,0.09963211
969,52442,108,17.90266,17.2715,0.06464158
1284,52736,150,17.75695,17.04606,0.06499121
933,52642,515,17.03808,16.24105,0.06090705
933,52642,618,17.4002,16.22016,0.06507584
941,52709,71,17.9771,17.26343,0.0741412
1283,52762,69,17.93792,17.14919,0.08707754
969,52442,355,16.4832,15.3456,0.0329697
1278,52735,631,18.36278,17.75444,0.0956388
1291,52738,501,17.43758,16.49238,0.05845486
944,52614,379,17.92883,17.1804,0.06359825
967,52636,444,18.32466,17.68437,0.07676701
942,52703,408,18.33711,17.68531,0.07096446
961,52615,378,17.33404,16.26345,0.06113662
969,52442,601,18.33497,17.69953,0.07718673
565,52225,408,18.27056,17.55098,0.09782903
995,52731,25,17.72993,16.95638,0.07642419
1002,52646,197,17.82818,17.10597,0.0707977
994,52725,518,18.27826,17.33291,0.0899623
994,52725,560,18.38285,17.68806,0.09034916
1000,52643,549,18.13932,17.35498,0.08081447
1184,52641,337,18.06704,17.33597,0.08719774
1185,52642,335,18.1264,17.42893,0.0949463
1185,52642,338,18.36633,17.61375,0.09956
997,52734,503,17.97364,17.26675,0.07455676
1002,52646,541,18.41852,17.81102,0.07103762
1194,52703,211,17.53656,16.51921,0.05617289
995,52731,605,16.38869,15.27948,0.02309209
1236,52751,43,18.13449,17.36134,0.09615589
945,52652,105,17.23451,16.45403,0.04587177
946,52407,243,18.38729,17.72716,0.09293045
949,52427,225,17.5721,16.85778,0.07448021
955,52409,191,18.31275,17.56623,0.09603074
960,52425,477,18.29273,17.6521,0.07063886
959,52411,37,18.04084,17.40505,0.06727897
960,52425,449,17.94862,17.40336,0.06890204
1003,52641,126,17.58939,16.60968,0.05570472
1004,52723,288,18.50577,17.83107,0.09855954
994,52725,164,18.06057,17.28611,0.0708842
1000,52643,165,17.61433,16.79125,0.06924125
1192,52649,118,17.69798,16.78901,0.06886532
994,52725,194,18.54668,17.72237,0.09061849
1000,52643,278,17.14874,16.11712,0.06799616
1185,52642,438,18.20248,17.47037,0.09845246
994,52725,544,18.13183,17.3906,0.07993118
1620,53137,503,18.41303,17.82243,0.06587218
1185,52642,374,18.34512,17.61997,0.08691798
1004,52723,620,17.18242,16.26596,0.04207728
1626,53472,521,18.39601,17.74345,0.08610664
1231,52725,49,18.16693,17.27662,0.09146895
1791,54266,41,17.8644,16.91684,0.08203593
1222,52763,170,18.49322,17.80241,0.07596573
1194,52703,110,18.22922,17.48033,0.09092858
1237,52762,178,17.66606,16.83831,0.07436737
1224,52765,63,18.41539,17.7979,0.07721531
1225,52760,183,18.05895,17.30639,0.0771176
1237,52762,481,17.41494,16.72749,0.06872252
1222,52763,542,17.7767,16.83141,0.06728792
1225,52760,29,18.21762,17.49788,0.08523016
1231,52725,390,18.34425,17.79822,0.09497181
1796,53884,393,18.3552,17.64335,0.08497706
1234,52724,471,17.92001,17.22115,0.08461288
1220,52723,426,17.43986,16.63307,0.0620024
1226,52734,551,18.30229,17.65202,0.08236741
1302,52763,26,16.06499,14.74026,0.02809914
1234,52724,393,18.30086,17.63626,0.06879961
1234,52724,519,18.17597,17.53304,0.08409753
1234,52724,629,18.34053,17.6699,0.08221494
2147,53491,576,17.66522,16.71535,0.07779656
1796,53884,451,18.53213,17.79874,0.08519407
493,51957,533,17.18508,16.34344,0.06139274
1449,53116,525,17.5005,16.63665,0.0666164
964,52646,82,17.89223,17.12146,0.06523858
944,52614,632,18.16895,17.39931,0.09027759
961,52615,468,18.13628,17.7663,0.06104389
1613,53115,104,18.37349,17.66423,0.0920908
1615,53166,173,18.25353,17.80939,0.08412121
1832,54259,486,18.46058,17.87609,0.07291773
1833,54561,418,18.17552,17.55543,0.07579989
1832,54259,520,17.94578,17.28731,0.07955156
1014,52707,249,18.30689,17.64558,0.08875526
1040,52722,17,17.11921,16.20603,0.02982556
1011,52652,495,17.6913,16.74189,0.07250115
1013,52707,390,17.75994,16.93637,0.06836201
1014,52707,515,17.63591,17.08862,0.05833662
1014,52707,459,17.06915,16.16216,0.05734253
1016,52759,456,17.72543,16.63804,0.04988663
1016,52759,444,17.38838,16.56117,0.0516158
1017,52706,335,18.03522,17.27075,0.05013891
1019,52707,545,16.39865,15.39151,0.03237246
1041,52724,626,16.84257,15.94502,0.04208304
1047,52733,274,18.33013,17.73629,0.07516574
1052,52466,259,17.71775,16.99949,0.05841161
1046,52460,148,17.70861,16.96856,0.07150988
1055,52761,398,18.33896,17.4941,0.09634735
1056,52764,278,17.80159,17.013,0.06713163
1687,53260,522,17.37058,16.46268,0.03827411
1045,52725,206,17.8329,17.10176,0.07522385
1046,52460,293,16.38381,15.16924,0.0269756
1050,52721,98,18.00121,17.26196,0.06233681
1054,52516,264,17.93357,17.22739,0.07666462
1048,52736,63,17.75417,16.97746,0.08567154
1051,52468,339,18.13427,17.40089,0.06768436
1051,52468,498,18.25179,17.53024,0.07058769
1052,52466,5,17.93979,17.24955,0.07579181
1044,52468,518,18.36096,17.59203,0.08171594
1159,52669,131,17.46807,16.45439,0.07318638
1161,52703,345,18.07923,17.39534,0.07207335
1159,52669,575,17.77435,16.80904,0.06651855
1164,52674,432,17.19918,16.37982,0.04543817
1162,52668,563,17.41482,16.69568,0.05497244
1056,52764,467,17.7882,16.93937,0.06405425
1052,52466,36,18.04542,17.34199,0.09916426
1056,52764,457,17.34629,16.57948,0.0374359
1337,52767,499,17.90316,17.2656,0.07316433
1343,52790,387,17.55083,16.91664,0.05519812
1343,52790,97,17.7439,16.95683,0.05995155
1159,52669,136,16.95889,15.72298,0.04117857
1339,52767,634,18.35131,17.7287,0.09991495
1168,52731,190,18.07598,17.35852,0.06567004
1158,52668,351,17.59097,16.66114,0.0689318
1164,52674,9,18.50911,17.65902,0.08455078
1172,52759,93,16.29329,15.20046,0.02889115
1172,52759,592,16.11759,14.79215,0.03042693
973,52426,240,18.29444,17.57568,0.09757023
1175,52791,184,18.16964,17.45389,0.08342498
1170,52756,345,18.49522,17.7216,0.06292454
1174,52782,48,17.38332,16.4737,0.0585393
1170,52756,517,18.21098,17.58806,0.08413272
1172,52759,40,16.42362,15.34382,0.02890712
411,51817,41,16.74237,15.76751,0.03906859
415,51810,134,17.04396,15.89902,0.0331856
1215,52725,53,16.26149,15.15594,0.0407344
1203,52669,619,18.19545,17.79206,0.07521707
1207,52672,568,17.17511,16.23658,0.04852933
1207,52672,615,17.90503,17.27338,0.04791892
1211,52964,510,18.31789,17.79333,0.07283524
1216,52709,577,18.0731,17.2828,0.07139038
1217,52672,563,18.13754,17.28962,0.07241712
1190,52670,569,18.47592,17.8835,0.0934092
1189,52668,67,18.50018,17.87568,0.09493188
1237,52762,397,18.4042,17.6289,0.09825163
1234,52724,440,17.98806,17.26834,0.08452977
1239,52760,339,17.67147,17.02895,0.04568534
1223,52781,172,17.29475,16.47244,0.06431625
1223,52781,40,17.62627,16.97898,0.04146074
1228,52728,483,17.77187,17.01181,0.0677285
1226,52734,448,18.67016,17.84412,0.08449174
1436,53054,137,18.08746,17.3847,0.07396705
1208,52672,545,18.57573,17.88604,0.073428
1214,52731,312,17.86897,17.14673,0.06122884
1442,53050,234,17.36848,16.54538,0.06711195
1446,53080,164,17.70037,16.8475,0.07391421
1208,52672,284,17.09957,16.00244,0.04713003
1210,52701,499,18.37942,17.80075,0.0861963
1431,52992,585,18.16024,17.59488,0.08838681
941,52709,86,18.18746,17.56674,0.07186035
1429,52990,450,17.57092,16.87859,0.07142217
1600,53090,51,18.11088,17.48781,0.08951893
1597,52999,516,18.26816,17.50869,0.08727951
1599,53089,467,17.09804,16.23941,0.06195308
1275,52996,87,17.76414,16.95174,0.08170425
1276,53035,180,18.27948,17.61009,0.07418649
1275,52996,270,17.63567,16.83577,0.08668695
1275,52996,553,15.76008,14.28614,0.01967638
1206,52670,126,18.15942,17.40698,0.07363115
1356,53033,112,17.51377,16.58,0.06767287
448,51900,180,16.78086,16.02731,0.03030265
448,51900,411,18.37782,17.71267,0.08906284
1264,52707,390,18.24544,17.58731,0.08419309
1268,52933,29,18.01534,17.18586,0.08132813
1272,52989,480,18.24824,17.59436,0.09706446
1272,52989,400,18.29107,17.6961,0.06514523
1271,52974,335,17.64056,16.72647,0.06674167
1216,52709,14,18.09776,17.39304,0.09644862
1295,52934,57,16.46483,14.73003,0.02994445
1296,52962,54,17.68662,16.76359,0.08294093
1296,52962,55,17.45393,16.71318,0.0421586
1301,52976,204,17.65042,16.87896,0.09232527
1299,52972,634,18.09742,17.30474,0.05965693
1300,52973,304,17.49053,16.60629,0.06280635
1739,53050,60,17.74866,16.98795,0.07456875
1740,53050,250,16.73611,15.83609,0.03263273
1761,53376,249,18.29548,17.73938,0.08188196
1743,53054,287,17.56223,16.78216,0.08467696
1754,53385,154,17.80308,17.06394,0.08017026
1764,53467,318,17.35325,16.36855,0.08198276
1753,53383,441,17.8512,17.08737,0.07924692
1922,53315,525,18.19391,17.40226,0.06430557
1582,52939,16,17.14925,16.13692,0.04655064
1582,52939,151,17.067,16.23882,0.04575562
1583,52941,633,17.23844,16.46291,0.04522242
1587,52964,236,18.39978,17.82966,0.07989746
1589,52972,135,18.27122,17.55068,0.08670243
1582,52939,457,17.6354,16.90894,0.06089394
1590,52974,211,18.23598,17.74323,0.08381563
1587,52964,258,17.74072,16.89592,0.05287611
1263,52708,275,17.502,16.68009,0.06171868
1268,52933,62,18.04492,17.38767,0.0796706
1269,52937,9,18.42843,17.83063,0.09892484
1588,52965,227,18.16828,17.33737,0.08363286
1588,52965,239,18.23939,17.57109,0.08711011
1582,52939,225,17.789,16.9431,0.06774569
1591,52976,309,15.56034,14.12421,0.01404414
1584,52943,455,18.30327,17.69151,0.05956342
1588,52965,398,17.99859,17.1865,0.09938525
1270,52991,59,17.99364,17.18314,0.07761667
1595,52999,133,17.60975,16.81286,0.0911518
1427,52996,591,17.24689,16.61658,0.05629072
1435,52996,212,17.73997,17.10642,0.09766051
1426,52993,279,15.72966,14.36238,0.02205061
1427,52996,341,16.17738,14.93016,0.02127337
1282,52759,136,17.63859,16.8043,0.06908493
1278,52735,485,18.14342,17.45884,0.0852311
1311,52765,249,17.82392,17.06045,0.07735427
1313,52790,85,18.18268,17.31398,0.06492645
1313,52790,48,17.7305,16.72355,0.0632223
1314,53050,289,17.69133,16.84127,0.06366065
1309,52762,199,18.16553,17.32825,0.05886436
1309,52762,126,17.299,16.33581,0.05154658
1310,53033,138,18.02935,17.38331,0.07352027
1310,53033,323,17.76293,16.91724,0.06748145
1449,53116,456,16.98249,15.99072,0.06413075
1466,53083,43,18.03537,17.18649,0.09176175
1453,53084,40,18.31839,17.59211,0.08180378
1465,53082,64,17.57242,16.81442,0.06236197
1466,53083,165,18.31643,17.53539,0.09121886
1395,52825,433,18.05278,17.24615,0.09624079
1466,53083,408,17.70604,16.91245,0.06354754
1396,53112,366,18.0081,17.27281,0.08344284
1941,53386,340,17.86008,17.00323,0.07383309
1998,53433,574,17.50221,16.7876,0.05676044
1592,52990,81,18.09277,17.5,0.06276888
1427,52996,27,18.28614,17.69488,0.07654658
1426,52993,148,16.87794,15.95224,0.03401096
1428,52998,272,17.49835,16.58028,0.05474751
1428,52998,436,17.73745,17.02709,0.05533081
1341,52786,114,17.60576,16.89699,0.07852639
1322,52791,166,17.29813,16.44949,0.06886681
1327,52781,345,18.11118,17.48614,0.0763498
1331,52766,3,18.36745,17.70011,0.09530167
1341,52786,129,18.11373,17.41095,0.05379637
1333,52782,469,16.64176,15.50448,0.03677466
1324,53088,639,18.0076,17.29663,0.08255488
1337,52767,592,16.86586,16.05679,0.02860677
1172,52759,285,18.40081,17.7037,0.07688908
1048,52736,567,16.01145,14.597,0.02606815
1329,52767,273,18.18266,17.40626,0.07411002
1325,52762,278,17.57365,16.86833,0.07811809
1324,53088,162,17.87463,17.03856,0.07886079
1323,52797,21,18.43764,17.78733,0.08355175
1322,52791,511,17.71106,16.90922,0.07019863
1323,52797,372,18.28209,17.53764,0.06851034
1324,53088,510,17.48233,16.64113,0.04170994
1325,52762,416,17.11038,16.26421,0.04157615
1319,52791,444,18.36605,17.70796,0.07804706
1323,52797,623,17.27692,16.33278,0.0409097
1451,53117,213,15.97036,14.80054,0.02369398
1457,53116,277,16.37704,15.48292,0.02829831
1457,53116,143,17.38556,16.54821,0.06082581
1461,53062,352,18.39441,17.76662,0.09491287
1394,53108,439,17.82065,17.14961,0.09038765
1465,53082,512,17.75437,17.12078,0.06459729
1461,53062,541,17.7643,17.20396,0.06633398
1465,53082,525,17.0277,15.95006,0.06250922
1395,52825,540,18.42288,17.74765,0.07119524
1287,52728,125,18.22554,17.51761,0.09256304
1402,52872,133,17.76454,16.91954,0.07238125
1406,52876,427,16.47369,15.17671,0.03068992
1409,52824,155,17.78681,17.15139,0.04421322
1404,52825,323,18.38291,17.76681,0.07495659
1406,52876,322,18.01679,17.26021,0.05889331
1409,52824,539,17.40422,16.59599,0.07017583
1417,53141,351,18.39281,17.76103,0.08161454
1418,53142,189,18.1591,17.60313,0.08896817
1420,53146,125,18.18451,17.65859,0.09568587
1421,53149,354,18.52371,17.90976,0.09772339
1415,52885,449,17.01094,16.04224,0.04694583
1615,53166,179,18.4028,17.44316,0.08236579
1606,53055,33,18.62519,17.8713,0.09022954
1613,53115,266,17.91267,17.06194,0.06256638
1609,53142,549,18.11787,17.4037,0.08110327
1607,53083,457,18.02111,17.24091,0.08028496
1695,53473,210,17.61596,16.9263,0.07969578
1697,53142,50,18.47065,17.81597,0.08634832
1616,53169,75,18.00031,17.28984,0.07336873
1699,53148,489,16.76933,15.61872,0.02287635
1701,53142,239,18.43447,17.76278,0.09431198
1697,53142,425,16.15283,14.68073,0.02432961
1700,53502,511,18.38338,17.58889,0.09116872
1696,53116,561,17.7108,16.86408,0.08717553
1276,53035,1,17.71859,16.81077,0.06020001
1277,52765,210,17.86085,17.22791,0.06693742
1344,52792,135,17.38614,16.37432,0.06191433
1344,52792,49,17.3948,16.45054,0.06076499
1348,53084,95,18.31304,17.61138,0.08274396
1275,52996,483,17.66216,16.76249,0.08876112
1364,53061,530,18.33806,17.67223,0.08553641
1347,52823,385,17.97843,17.08803,0.09287448
1347,52823,374,18.58224,17.76577,0.08819564
1356,53033,525,18.20298,17.46539,0.08837521
1362,53050,358,18.34525,17.75553,0.08548175
1376,53089,250,18.03952,17.36244,0.07434934
1359,53002,112,18.12517,17.39009,0.08458173
1371,52821,9,17.17453,16.41002,0.0397906
1372,53062,104,18.18722,17.48485,0.05952268
1375,53084,100,18.14526,17.50733,0.07472965
1347,52823,236,17.85428,17.08523,0.08047578
1364,53061,249,18.47876,17.7013,0.07560956
1374,53083,240,17.58504,16.91067,0.07450169
1347,52823,400,18.20734,17.6308,0.08879195
1348,53084,106,18.27918,17.73955,0.08427244
1359,53002,317,18.22743,17.63,0.09523989
1357,53034,612,18.41165,17.65108,0.09026243
1375,53084,153,17.90574,17.13771,0.09111714
1347,52823,465,18.18291,17.49105,0.09550732
1352,52819,479,17.97007,17.26199,0.07945821
1369,53089,605,18.39632,17.74339,0.06956688
1372,53062,388,18.08543,17.44433,0.07591709
1375,53084,373,17.18703,15.96948,0.03541282
1349,52797,624,18.15496,17.44945,0.07694832
2886,54498,445,18.13856,17.47945,0.05962159
1604,53078,243,18.54339,17.82543,0.08427239
1609,53142,219,18.57712,17.8331,0.08325247
1600,53090,21,17.80741,17.02354,0.05300918
1608,53138,25,17.89871,16.97502,0.08194054
1614,53120,40,17.69866,16.81634,0.08633284
1699,53148,104,15.84617,14.43611,0.02221608
1709,53533,52,17.29646,16.39734,0.05487005
1713,53827,180,17.33545,16.45959,0.05093794
1715,54212,235,18.10359,17.33692,0.08546875
1717,53883,167,17.44589,16.68126,0.07818648
1719,53876,261,18.32011,17.54433,0.08049784
1719,53876,262,18.05315,17.36801,0.07794136
1701,53142,271,18.46983,17.67907,0.09518734
1703,53799,166,17.80785,17.10674,0.07955213
1707,53885,300,16.17407,15.24821,0.02523288
1717,53883,351,17.70395,16.90538,0.07852884
1717,53883,27,18.22852,17.51773,0.07889576
1719,53876,195,18.0997,17.44556,0.07958163
1721,53857,479,16.31955,15.08663,0.03341134
1721,53857,500,16.71341,15.75138,0.03075487
1721,53857,494,16.66293,15.35284,0.03378927
1601,53115,595,17.59141,16.64691,0.0800779
1602,53117,439,18.67309,17.75387,0.09465371
1609,53142,586,17.54871,16.76781,0.08097411
1612,53149,570,18.15832,17.44783,0.06596477
1614,53120,421,17.80791,17.04545,0.08283263
1705,53848,321,16.26793,15.32805,0.02289505
1717,53883,488,16.98414,16.13841,0.04323869
1718,53850,112,18.57112,17.8211,0.08237565
1720,53854,121,17.55442,16.70007,0.05440992
1765,53466,259,18.51962,17.8247,0.08191911
1614,53120,522,18.12723,17.42991,0.0817844
1771,53498,43,17.82298,17.14259,0.08413967
1714,53521,255,17.37822,16.67886,0.05017326
1717,53883,451,17.70729,17.05269,0.07736591
1722,53852,302,17.21879,16.08467,0.03389079
886,52381,89,17.90082,17.12944,0.09482258
1673,53462,204,18.42493,17.82418,0.07347701
887,52376,541,16.7214,15.67707,0.0257783
1675,53466,332,17.98041,17.19776,0.08456887
1669,53433,540,17.78153,17.17552,0.06276115
1672,53460,441,18.24383,17.64519,0.07536289
1672,53460,535,17.48169,16.6367,0.06821392
1435,52996,78,18.27717,17.3782,0.07119601
1445,53062,43,18.13624,17.43337,0.08626223
1443,53055,290,17.17027,16.44875,0.04487965
1450,53120,37,17.23876,16.40981,0.03934376
1452,53112,187,18.11341,17.37581,0.0525461
1462,53112,51,17.87864,17.15666,0.06168634
1439,53003,237,18.20621,17.45758,0.07020041
1439,53003,192,18.09484,17.26341,0.08078616
1445,53062,542,17.42518,16.56603,0.06058783
1460,53138,602,16.91606,15.94388,0.06278381
1454,53090,336,17.44663,16.53557,0.06670963
1456,53115,623,17.82881,16.98643,0.0727187
1460,53138,381,17.39895,16.4042,0.03887151
1617,53112,207,17.3193,16.53594,0.04763643
835,52326,567,18.34791,17.74002,0.08268153
1621,53383,8,18.26632,17.64399,0.0740771
1792,54270,48,18.37711,17.82736,0.0921127
1790,53876,69,18.0803,17.34215,0.0806352
1801,54156,13,17.07695,16.06659,0.05911827
1004,52723,64,18.12907,17.42415,0.08089886
1618,53116,174,18.24163,17.51793,0.09170295
1621,53383,150,18.10264,17.36133,0.08946213
1790,53876,150,18.18197,17.2987,0.06877072
1794,54504,184,16.99293,16.04143,0.05356006
1797,54507,64,18.49761,17.81448,0.07177886
1620,53137,497,18.20503,17.74719,0.09770213
1801,54156,197,15.85734,14.43256,0.02391769
1801,54156,635,18.15835,17.49371,0.07898906
1620,53137,626,18.61348,17.55438,0.08682886
1625,53140,493,18.32171,17.69908,0.09117024
1790,53876,426,17.44393,16.37944,0.0687023
1797,54507,495,17.14577,16.1143,0.05048476
1797,54507,484,17.43235,16.56321,0.04648052
1004,52723,373,17.93608,17.22459,0.07323798
1627,53473,287,18.21186,17.47087,0.08298872
1628,53474,257,15.70418,14.18602,0.02416143
1795,54507,12,18.44732,17.73522,0.0930289
1625,53140,61,18.0325,17.29832,0.07419162
1797,54507,153,17.76847,16.99171,0.04851506
1792,54270,612,18.27639,17.5139,0.08182339
1627,53473,441,18.13918,17.45303,0.08863467
1439,53003,133,17.80118,17.06385,0.07488395
1450,53120,302,17.61942,16.71421,0.07590173
1437,53046,75,18.06258,17.45071,0.07350837
1980,53433,509,18.17173,17.44922,0.07873519
1980,53433,551,17.94939,17.32648,0.07484712
1384,53121,167,18.42604,17.7531,0.08788501
1456,53115,371,17.94317,17.1064,0.0712603
1456,53115,372,18.32244,17.48811,0.07227053
1439,53003,438,17.52509,16.72635,0.0770631
1382,53115,543,15.66311,14.34553,0.01376246
1816,53919,334,16.27429,15.16086,0.03063115
1818,54539,536,17.59942,16.99015,0.04778313
1812,53795,528,18.24153,17.61875,0.08540629
1711,53535,214,17.54018,16.80564,0.05081297
1713,53827,287,16.07352,14.97624,0.02425867
1713,53827,49,18.17654,17.50571,0.0802445
1715,54212,42,17.82647,17.00878,0.09846282
1711,53535,158,18.17274,17.46675,0.0927719
1715,54212,157,18.47812,17.8299,0.09186345
1724,53859,25,18.2972,17.75008,0.06673828
1707,53885,469,18.26477,17.61075,0.07906625
1727,53859,340,17.86784,17.08532,0.07157109
2102,54115,489,17.45346,16.66704,0.05632659
1840,53472,365,17.54776,16.63971,0.06939735
1644,53144,256,18.10026,17.51939,0.07651916
2007,53474,51,18.0565,17.32055,0.08148803
2108,53473,608,16.18265,15.18285,0.02205594
1646,53498,48,18.04567,17.2599,0.08742009
1650,53174,268,18.22463,17.48363,0.07791539
1650,53174,296,17.8507,17.16803,0.08072399
1948,53388,198,18.44144,17.92791,0.09714339
1988,53469,184,18.30955,17.60374,0.07400429
2033,53476,419,17.08353,16.20115,0.06184795
2033,53476,441,17.38315,16.57998,0.05478656
1647,53531,196,17.9765,17.47487,0.0852874
1655,53523,195,18.1186,17.41891,0.06389511
1656,53533,165,18.15347,17.37631,0.08887969
1980,53433,208,18.5729,17.62902,0.0752885
1995,53415,290,17.95268,17.15365,0.07684127
1986,53475,107,17.69022,17.03038,0.06572302
2021,53475,72,16.58554,15.04758,0.03543348
1643,53143,35,17.78305,17.05596,0.06814831
1654,53498,384,18.0899,17.34086,0.07442128
1655,53523,29,18.46875,17.92115,0.09027559
2021,53475,616,18.05805,17.30799,0.06791768
2088,53493,460,18.14818,17.67587,0.07890788
1645,53172,607,17.92516,17.14467,0.0863129
1657,53520,606,18.42831,17.80099,0.08429088
1573,53226,249,18.00721,17.26864,0.06096594
1567,53172,250,18.3081,17.67171,0.08179621
1810,53794,234,17.71038,17.05911,0.05840779
1830,54560,364,18.02455,17.21087,0.09558155
1817,53851,51,16.99263,16.15515,0.03458289
1818,54539,251,16.78925,15.89789,0.0329323
1231,52725,174,18.10958,17.32665,0.09066319
1810,53794,210,18.2336,17.64389,0.08329377
1811,53533,270,17.66107,15.48679,0.06005179
1810,53794,31,17.5592,16.84248,0.05700132
1810,53794,48,16.73663,15.81138,0.05684091
1816,53919,17,18.40621,17.69352,0.09345975
1231,52725,507,17.02556,16.18357,0.06702074
1806,53559,481,17.90364,17.05689,0.06155036
1819,54540,541,17.28625,16.29776,0.0446385
1821,53167,468,17.20538,16.16599,0.07109428
1231,52725,460,18.28592,17.71572,0.06683687
1804,53886,348,18.38967,17.76959,0.08207102
1812,53795,608,18.33661,17.66642,0.09500404
1812,53795,613,16.41515,15.15888,0.02996421
1813,53903,451,18.02054,17.18814,0.08628877
1819,54540,533,17.18559,16.11297,0.04328051
1803,54152,454,17.72068,17.02704,0.08293298
1824,53491,453,18.59475,17.79857,0.08712313
1817,53851,68,16.48922,15.32458,0.03670355
1834,54562,410,18.04717,17.41632,0.07593486
1819,54540,309,18.32864,17.59905,0.07784712
1816,53919,178,17.87399,17.05322,0.07809551
1817,53851,440,18.13803,17.47147,0.07483174
1819,54540,237,17.90903,17.15014,0.0750289
1820,54208,466,17.42088,16.48418,0.0660154
1822,53172,612,16.53049,15.26055,0.0457953
1802,53885,382,18.17969,17.4551,0.06926485
1806,53559,473,17.58358,16.74246,0.06665455
1815,53884,501,18.07242,17.28926,0.08818871
1818,54539,411,18.17043,17.65905,0.0752018
1818,54539,578,16.81956,15.42782,0.0461045
1723,53905,275,18.16976,17.47402,0.07889041
1822,53172,559,17.64551,16.76463,0.05090439
1729,53858,268,18.37394,17.63464,0.09963766
1834,54562,93,17.44627,16.84077,0.05196884
593,52026,389,16.25742,15.20152,0.03826661
1830,54560,255,17.82891,17.00497,0.08417636
1833,54561,256,18.3851,17.80341,0.08324032
1830,54560,466,18.34322,17.73537,0.08170159
1832,54259,166,18.18583,17.55977,0.07909383
1835,54563,452,17.74853,17.04269,0.08666269
1823,53886,85,17.85044,17.06214,0.0650751
1823,53886,90,17.41669,16.42765,0.06400914
1832,54259,485,18.11686,17.51061,0.08408552
1817,53851,126,18.03471,17.43367,0.08252176
1817,53851,92,18.10515,17.44419,0.08007754
2951,54592,618,17.77875,16.93191,0.05361331
1817,53851,183,17.67555,16.90845,0.07751305
886,52381,6,16.92856,15.91633,0.03499497
1668,53433,260,17.65354,16.95,0.06127994
1678,53433,246,18.57811,17.83781,0.0901707
1681,53172,311,18.1737,17.40313,0.07205487
886,52381,186,16.15015,15.10646,0.0296909
1675,53466,147,18.3062,17.80863,0.07286341
1680,53171,218,17.99195,17.34997,0.06377619
1690,53475,300,17.68481,17.01402,0.04441864
1677,53148,465,17.77542,16.91599,0.0991873
1681,53172,486,17.68965,17.02757,0.07618156
1682,53173,465,17.81162,17.17191,0.0674132
1673,53462,340,17.99374,17.40035,0.07219937
1672,53460,105,18.05853,17.2251,0.07278904
1680,53171,65,17.29546,16.32931,0.06280135
1682,53173,111,18.2118,17.4822,0.06826108
1671,53446,458,18.25727,17.50323,0.07263241
1675,53466,546,17.44234,16.51336,0.07408763
1678,53433,611,17.89663,17.09055,0.07663943
1682,53173,528,18.34712,17.75786,0.09169935
1682,53173,626,17.74452,17.06205,0.06779531
1340,52781,108,18.38007,17.80406,0.09713665
1379,53084,84,17.4563,16.75801,0.06666841
1652,53555,596,17.84528,17.04377,0.08226901
1385,53108,209,17.9475,17.31308,0.07812012
1390,53142,84,18.45747,17.84414,0.0815587
1392,52822,318,17.99463,17.34449,0.09569712
1392,52822,229,17.85488,17.01482,0.09140495
1392,52822,234,18.23566,17.42053,0.09179554
1392,52822,189,18.26132,17.52229,0.08791184
1378,53061,356,18.10077,17.4248,0.09652174
1379,53084,400,18.36335,17.76442,0.09522503
1384,53121,159,17.75992,16.93887,0.05456365
1391,52817,113,16.25635,15.01753,0.03112935
1393,52824,232,16.64439,15.52931,0.03156111
1393,52824,57,18.58442,17.82433,0.08116709
1575,53493,198,18.5069,17.8093,0.06730895
1574,53476,310,18.44313,17.77573,0.08306544
1575,53493,82,17.40694,16.54486,0.06647116
1574,53476,268,17.7329,17.04415,0.06422025
1390,53142,494,18.38658,17.6725,0.08225472
1392,52822,330,18.61673,17.86246,0.09005851
1393,52824,62,16.60593,15.43961,0.04110302
1377,53050,502,18.50327,17.74936,0.0629958
1380,53084,553,18.13474,17.47707,0.08171234
1385,53108,337,18.34021,17.70712,0.09610792
1391,52817,442,18.25256,17.49081,0.07790822
1393,52824,598,17.76084,16.98608,0.08743692
1464,53091,336,18.19059,17.5507,0.0610855
1404,52825,245,18.07972,17.19204,0.0739713
1409,52824,477,17.81016,17.07172,0.06583438
1401,53144,35,18.15002,17.49151,0.06773119
1409,52824,441,18.25326,17.54484,0.07250159
1420,53146,261,18.07256,17.32316,0.09656806
1420,53146,252,17.3039,16.35802,0.06079045
1423,53167,142,16.93032,15.93885,0.05478143
1425,52913,472,17.86934,17.09698,0.08007082
1649,53149,605,17.83774,17.17379,0.07992273
1654,53498,526,17.95283,17.29576,0.08302158
1391,52817,134,17.54958,16.64823,0.08837041
1392,52822,271,18.38026,17.67287,0.08605201
1391,52817,132,17.68136,17.05495,0.08933492
1392,52822,231,18.34968,17.58238,0.09029622
1392,52822,435,18.14336,17.48384,0.09189001
1391,52817,593,16.6883,15.45521,0.05065905
1386,53116,519,18.47741,17.73515,0.08394211
1417,53141,394,18.40679,17.68707,0.09279055
2949,54557,348,18.36448,17.67697,0.07368314
1424,52912,73,17.64522,17.69235,0.05910516
1417,53141,448,18.19105,17.37823,0.06898353
1424,52912,447,18.36535,17.67612,0.07767525
1416,52875,527,18.36257,17.58391,0.07599197
1683,53436,212,16.1461,15.06535,0.03308775
1684,53239,336,18.48812,17.08365,0.09544598
1692,53473,208,18.12594,17.31973,0.06179416
1681,53172,115,18.42116,17.70835,0.09304547
1675,53466,590,17.3809,16.53988,0.07144992
1056,52764,209,17.47734,16.45588,0.03305731
1340,52781,314,18.23856,17.46848,0.09083596
1342,52793,266,18.4849,17.74832,0.07307385
1416,52875,436,17.89975,17.10274,0.06531516
1416,52875,225,17.86989,17.26081,0.06764845
1416,52875,51,18.33746,17.61044,0.08067437
1418,53142,70,17.27596,16.43283,0.06150443
1419,53144,30,17.68078,16.7362,0.06185007
1421,53149,22,18.36845,17.71953,0.097963
2949,54557,66,17.5915,16.74909,0.05528939
1689,53177,191,17.5294,16.65941,0.0578707
1770,53171,481,18.54059,17.72128,0.08206757
1711,53535,609,16.37966,15.23201,0.03754908
1704,53178,217,18.23973,17.43257,0.07772802
1778,53883,224,18.38007,17.71907,0.09900697
1778,53883,480,16.99357,16.12107,0.0622007
1726,53137,356,16.8025,15.67905,0.05135702
1720,53854,397,16.95313,16.08119,0.0611686
1720,53854,432,18.30639,17.57781,0.0998133
1577,53495,102,17.98222,17.26223,0.07394958
1575,53493,521,18.4616,17.79397,0.09660181
1714,53521,133,17.32246,16.52635,0.0540394
1727,53859,337,18.08813,17.35901,0.07128775
1714,53521,273,16.97484,16.2143,0.02858966
1726,53137,239,18.26974,17.71676,0.07123429
1726,53137,227,18.1693,17.58584,0.07150037
1730,53498,311,17.83704,17.18154,0.05749638
1729,53858,577,18.10869,17.41496,0.08698712
1730,53498,236,18.07384,17.37781,0.07269735
1712,53531,225,17.991,17.35397,0.07940498
1714,53521,508,17.93613,17.01474,0.08039337
1718,53850,159,18.19358,17.58154,0.07913522
1732,53501,612,17.73927,16.85933,0.09062272
1575,53493,61,18.32766,17.58614,0.0957396
1579,53473,187,15.73815,14.39939,0.02024963
1642,53115,251,18.15563,17.32258,0.06115135
1642,53115,42,18.20355,17.59984,0.06494415
1854,53566,446,17.86129,17.17679,0.07093387
1647,53531,208,18.08063,17.36664,0.08472614
1648,53171,211,17.87152,17.26445,0.07935796
1649,53149,181,18.01634,17.28787,0.08809666
1646,53498,141,17.98239,17.43446,0.07075994
1649,53149,17,18.2828,17.70612,0.07813095
1649,53149,78,18.32787,17.71648,0.07827076
1657,53520,531,18.33224,17.69285,0.08504235
1657,53520,545,17.23834,16.26336,0.05588102
1642,53115,539,17.82335,17.20246,0.06571706
1646,53498,450,18.43196,17.80049,0.07718567
1646,53498,573,18.11956,17.53706,0.09691647
1655,53523,494,18.52833,17.86547,0.08933899
1655,53523,626,17.1842,16.19505,0.04431744
1391,52817,54,17.95123,17.10719,0.08760915
1842,53501,224,18.15834,17.52787,0.06988412
1846,54173,181,17.49855,16.79085,0.04599311
1853,53566,396,18.06907,17.3074,0.08961917
1854,53566,227,18.49268,17.90031,0.08538859
1843,53816,514,18.19629,17.49888,0.08146215
1852,53534,12,17.89059,17.12642,0.06937488
1841,53491,556,18.16134,17.40627,0.08483516
1851,53524,27,18.25827,17.49957,0.06902889
380,51792,509,17.07345,16.07,0.04201333
383,51818,381,17.94801,17.28332,0.06842115
385,51783,354,17.77856,17.07737,0.08744142
387,51791,552,18.16821,17.6155,0.0796163
384,51821,577,17.31096,16.44002,0.08393247
378,52146,611,17.37411,16.6837,0.04882229
382,51816,366,17.94659,17.42212,0.05522059
374,51791,118,18.37212,17.67363,0.09506655
376,52143,78,17.90491,17.08291,0.08772293
1733,53047,88,18.2074,17.32587,0.07156746
1780,53090,394,18.46915,17.84342,0.09286498
983,52443,260,17.5598,16.72118,0.05456923
982,52466,95,18.52009,17.85912,0.09773511
374,51791,182,18.30078,17.61455,0.09048728
985,52431,393,17.50232,16.64908,0.05089623
1779,53089,120,18.23363,17.53629,0.08797771
1733,53047,178,17.98714,17.24113,0.07859273
1734,53034,295,18.1514,17.53115,0.07623
1736,53052,457,18.04685,17.29995,0.09454891
1781,53297,443,18.29414,17.66769,0.08309454
392,51793,86,17.92077,17.21321,0.07338227
403,51871,54,17.49329,16.84484,0.04204996
404,51812,67,17.94539,17.34821,0.07000168
407,51820,132,16.59271,15.73236,0.0382392
389,51795,62,17.07035,16.15906,0.03917692
402,51793,221,17.95849,17.39924,0.07921222
398,51789,448,17.96705,17.20276,0.08027731
1870,53383,609,18.47111,17.9697,0.08142021
1866,53314,100,18.2899,17.69168,0.07756652
1869,53327,534,17.18119,16.2509,0.05612176
1877,54464,309,17.5388,16.5774,0.03778162
1868,53318,430,17.84879,17.06903,0.08794928
1865,53312,316,18.16194,17.41261,0.0703029
1866,53314,372,18.30021,17.66865,0.09156933
1869,53327,362,17.50027,16.55414,0.06913607
1875,54453,439,18.56872,17.80712,0.09385498
1877,54464,447,18.54869,17.75572,0.08895601
1870,53383,133,17.62632,16.94782,0.05275617
1872,53386,202,17.1214,16.05605,0.03450923
1867,53317,569,18.28602,17.85175,0.09602371
1866,53314,413,18.49239,17.95436,0.07456052
1869,53327,356,18.54137,17.80505,0.06885792
1871,53384,322,16.51506,15.21955,0.03369835
1930,53347,96,17.82119,16.78714,0.0721614
1928,53327,596,18.07682,17.30321,0.08632083
1930,53347,182,16.87949,15.90226,0.05174446
1921,53317,387,17.33719,16.39688,0.05283606
1926,53317,508,18.6014,17.76058,0.0930817
1928,53327,188,17.79723,17.13117,0.06559747
1936,53330,474,17.439,16.68709,0.04791612
1926,53317,265,18.14912,17.37349,0.09667436
1928,53327,313,18.4002,17.80609,0.09137774
1744,53055,283,18.19769,17.58193,0.07627314
1743,53054,559,17.49452,16.75447,0.07901327
1752,53379,135,17.76281,17.10103,0.06802668
1752,53379,25,17.28653,16.4684,0.05089158
1740,53050,617,17.78542,16.93549,0.09007648
1750,53358,574,17.86105,17.0885,0.0880812
1753,53383,617,18.33377,17.69257,0.08507796
1738,53051,85,18.01197,17.39824,0.08541106
1760,53086,493,17.96951,17.32908,0.06353404
1755,53386,245,18.08319,17.39048,0.0775571
1767,53436,90,18.22336,17.60922,0.08163004
1769,53502,438,17.56929,16.74114,0.06918416
1769,53502,497,18.14983,17.52696,0.07212389
1772,53089,615,18.23055,17.48789,0.08533874
1772,53089,579,18.05141,17.42695,0.08294279
2033,53476,447,17.52097,16.66158,0.06175955
2088,53493,152,17.94518,17.28812,0.07377042
2103,53467,311,18.06993,17.42572,0.06381252
2103,53467,307,17.63192,16.89805,0.06327902
2030,53499,42,17.93066,17.05297,0.07694701
2007,53474,70,17.79444,17.19861,0.08230908
2108,53473,639,17.95802,17.14343,0.0881545
1951,53389,131,18.49764,17.66226,0.09201007
1928,53327,67,17.33005,16.50344,0.06972727
1931,53358,369,18.33725,17.80616,0.07793998
2030,53499,444,17.9282,17.26309,0.07847295
1936,53330,319,18.34217,17.68765,0.09954724
2007,53474,443,18.14636,17.47755,0.08921757
1976,53401,152,18.54095,17.7668,0.09636572
1976,53401,636,17.28721,16.27736,0.07573625
1996,53436,515,16.93987,16.17671,0.03397427
1976,53401,494,17.93089,17.14299,0.07010676
1439,53003,210,18.24897,17.5115,0.07560325
1984,53433,339,17.76148,17.03905,0.05546301
2022,53827,472,18.14463,17.67673,0.08690152
1993,53762,597,17.64368,16.79308,0.05983457
1797,54507,566,18.27564,17.51824,0.09379648
2025,53431,462,18.13543,17.44474,0.07157567
2022,53827,546,18.29765,17.59298,0.0869904
2025,53431,407,17.91013,17.29076,0.06528077
2012,53493,327,18.3342,17.7924,0.07616091
2103,53467,407,17.69664,16.85769,0.07959434
2105,53472,392,18.41951,17.62635,0.0761709
2010,53495,570,17.75698,17.0587,0.08284421
1983,53442,567,18.26464,17.69454,0.07619879
2036,53446,245,18.55812,17.83391,0.06367987
1997,53442,123,17.97708,17.24359,0.05536785
2030,53499,286,17.96343,17.21612,0.09095331
1997,53442,63,16.93837,15.88583,0.04167509
2087,53415,396,18.41966,17.78238,0.07590948
1931,53358,583,17.78045,17.04465,0.08496261
1931,53358,638,17.59308,16.78378,0.06388089
1931,53358,516,17.88821,17.05622,0.08498661
1931,53358,504,18.07703,17.3909,0.08626237
1935,53387,235,17.97045,17.24886,0.08379558
1942,53415,430,18.41373,17.84681,0.07595266
1946,53432,354,17.22712,16.37303,0.06794047
1926,53317,211,17.55065,16.85176,0.05943859
1932,53350,68,17.92538,17.27134,0.08461414
1842,53501,281,16.98046,16.19696,0.08445264
2157,54242,567,18.18364,17.5745,0.06439309
1846,54173,243,18.33557,17.62202,0.08503793
2169,53556,617,18.1891,17.52593,0.08711323
2023,53851,415,18.09788,17.74334,0.0721821
1839,53471,162,18.10717,17.48955,0.0661476
1842,53501,337,17.58771,16.91123,0.05928337
1846,54173,58,17.79172,16.93387,0.06529328
1847,54176,51,16.44511,15.32383,0.03243313
1846,54173,435,18.17481,17.60127,0.07471757
2033,53476,295,18.26722,17.74473,0.07715391
2033,53476,133,18.45838,17.78271,0.0939657
1844,54138,428,17.9159,17.23696,0.09131608
1844,54138,32,18.05163,17.33261,0.08883173
1845,54144,547,18.31348,17.75257,0.07947188
1847,54176,493,17.38528,16.68398,0.04572701
1850,53786,401,17.85236,17.18355,0.0708003
1839,53471,540,18.1397,17.46242,0.07585359
1272,52989,142,17.29741,16.43377,0.06405883
1592,52990,231,17.0708,16.35899,0.04882964
1210,52701,371,17.43146,16.62801,0.05927087
1937,53388,61,16.19497,15.03007,0.02806213
1949,53433,280,18.0766,17.35787,0.0802964
1949,53433,546,17.08458,16.25564,0.05054593
1942,53415,569,17.51925,16.61547,0.05674212
1949,53433,425,18.36822,17.76588,0.08427038
1955,53442,440,17.19935,16.4541,0.03733402
1941,53386,88,18.02222,17.42672,0.07618572
2025,53431,62,17.23152,16.46799,0.0590281
2109,53468,233,16.67107,15.70664,0.03540683
2100,53713,221,16.40571,15.45132,0.04497237
2093,53818,427,18.14749,17.42873,0.08880097
2097,53491,446,17.70499,17.04125,0.05776933
2105,53472,6,18.06327,17.43027,0.08793778
2111,53467,92,16.78451,15.77292,0.03868378
2103,53467,313,18.18636,17.62102,0.06864669
2351,53786,525,17.90985,17.24406,0.05232141
2173,53874,349,16.00312,14.73796,0.02719703
2165,53917,174,17.97704,17.16948,0.09184004
2157,54242,340,18.36759,17.66248,0.08143678
2151,54523,346,16.77427,15.62988,0.058042
2157,54242,452,17.37415,16.57193,0.06418404
2157,54242,540,17.40451,16.69827,0.07287423
2970,54589,150,18.36137,17.59851,0.08799863
2019,53430,292,18.19347,17.43116,0.09082961
2145,54212,625,18.0248,17.33258,0.06893568
2151,54523,213,18.17926,17.5998,0.07822873
2019,53430,427,17.89155,17.20753,0.09962358
2100,53713,400,18.38407,17.52116,0.08664802
1999,53503,473,18.156,17.51764,0.08673144
2133,53917,171,17.79555,17.11657,0.06786246
2151,54523,57,18.64824,17.69996,0.08000033
2173,53874,598,17.42115,16.49272,0.04753611
2015,53819,578,17.90955,17.24101,0.07138706
2034,53466,95,18.11848,17.42688,0.07905282
2157,54242,557,18.4336,17.785,0.08201547
2134,53876,639,17.70986,16.92344,0.05203298
2137,54206,585,18.33773,17.62931,0.08023064
2151,54523,107,17.33187,16.49654,0.05280887
2142,54208,573,18.78925,17.85905,0.07520671
1991,53446,179,18.37066,17.79681,0.07690562
2004,53737,139,18.15674,17.43684,0.07864232
2013,53818,44,17.85156,17.19727,0.0597476
2094,53851,166,16.30382,15.25869,0.02723926
2013,53818,546,17.75293,16.93132,0.06948309
2110,53467,412,17.70448,16.91,0.05416223
2095,53474,325,16.22263,14.9651,0.03159737
2089,53498,138,18.10707,17.40317,0.07790685
2095,53474,365,17.8559,17.11743,0.07993837
2205,53793,544,18.20543,17.59942,0.08780495
2013,53818,88,17.64446,16.82424,0.06023747
1990,53472,105,17.12772,16.20844,0.05340967
2104,53852,309,18.36528,17.73973,0.06144787
2116,53854,180,18.26762,17.57652,0.07745336
2126,53794,141,17.35376,16.31165,0.05730162
2126,53794,158,17.76794,17.0772,0.06380646
1990,53472,410,17.73929,17.09258,0.07194808
2094,53851,366,18.0383,17.37233,0.06134753
2126,53794,348,16.89742,15.69414,0.06294757
2092,53460,362,17.7496,16.85794,0.07211742
2089,53498,90,18.00184,17.38934,0.05698425
2006,53476,135,18.08392,17.28858,0.06346469
2093,53818,249,18.04416,17.324,0.06750314
2024,53503,51,17.54119,16.70733,0.07550654
2142,54208,227,17.52989,16.55542,0.07201222
2137,54206,171,18.45383,17.78538,0.09263
2145,54212,149,18.49798,17.85315,0.08119648
2142,54208,376,17.44335,16.5471,0.06156689
815,52374,433,17.61582,16.96528,0.05998278
1057,52522,314,16.37794,15.16827,0.03049477
1056,52764,112,17.02871,16.03635,0.03359585
2342,53742,109,18.08365,17.41323,0.08526027
1981,53463,300,17.24266,15.96952,0.05086109
2092,53460,599,16.54954,15.54102,0.02795149
2106,53714,45,17.23156,16.04282,0.04715455
2092,53460,469,16.02388,14.79018,0.02747749
2161,53878,25,18.07456,17.24922,0.08441087
2168,53886,31,16.53751,15.54573,0.03746887
2172,54230,604,17.5497,16.8695,0.05070878
2011,53499,24,18.36765,17.72124,0.08724827
1978,53473,82,16.20783,14.99847,0.02907987
2166,54232,258,17.62607,16.86513,0.04106251
2131,53819,354,18.04219,17.49627,0.07266413
2139,53878,392,18.33017,17.75688,0.08906358
2114,53848,481,17.91004,17.28246,0.07636397
2131,53819,474,16.80666,15.90582,0.03764195
2131,53819,515,17.27075,16.64154,0.03831652
2135,53827,467,18.37905,17.70272,0.0945128
2143,54184,359,16.86531,15.76161,0.03964029
2196,53534,521,16.93838,15.80226,0.03359075
1978,53473,503,17.19329,16.52696,0.04766075
2120,53852,431,17.7086,17.17776,0.08036856
2118,53820,545,17.94212,17.2615,0.07469866
2127,53859,376,17.11109,16.31411,0.05507555
2161,53878,166,18.46018,17.86169,0.09158553
2009,53904,325,18.39997,17.70026,0.09033642
2017,53474,339,17.98681,17.26484,0.07646699
2139,53878,605,18.24962,17.58492,0.07397717
2094,53851,18,17.58353,16.75534,0.05472654
2114,53848,526,18.10678,17.41037,0.07724174
2002,53471,249,17.89739,17.07104,0.09357614
2230,53799,22,17.47722,16.58693,0.08981932
2011,53499,205,16.6348,15.53818,0.06774522
2009,53904,185,15.99985,14.43247,0.02523531
2127,53859,265,17.96858,17.20279,0.07161101
2135,53827,19,18.24542,17.5273,0.0876238
2203,53915,495,18.04311,17.42552,0.05328906
2009,53904,313,18.18863,17.40457,0.06077189
2166,54232,251,18.28503,17.55947,0.09778953
2237,53828,623,17.39432,16.48917,0.06246813
2120,53852,516,17.96041,17.27258,0.07185773
2143,54184,469,17.4089,16.69033,0.06270025
2143,54184,504,18.05459,17.35459,0.08040906
2120,53852,337,18.38029,17.6996,0.07029798
2118,53820,542,17.45421,16.51519,0.07241368
2127,53859,368,17.16844,16.45029,0.05465127
2115,53535,11,18.09848,17.45087,0.05646681
2124,53770,282,18.13531,17.44104,0.09024541
2124,53770,41,17.98507,17.12379,0.06837951
2244,53795,266,18.07196,17.32935,0.07244004
2115,53535,141,16.64069,15.89909,0.02770444
2124,53770,148,17.39902,16.5084,0.06114161
2144,53770,320,17.7443,16.96527,0.05583312
2115,53535,462,17.3231,16.51211,0.05459456
2156,54525,232,17.40075,16.64146,0.04048414
2156,54525,239,17.07135,16.08976,0.07965589
2246,53767,465,17.51563,16.63034,0.07447623
2132,53493,633,18.51254,17.74088,0.08086254
2199,53556,211,16.7321,15.75778,0.03614409
2200,53875,209,17.34882,16.78249,0.04415599
2202,53566,428,18.07339,17.35524,0.06662165
2114,53848,291,17.12836,16.04652,0.06061524
2114,53848,204,17.28825,16.41958,0.06119458
2114,53848,211,18.08518,17.29654,0.06430561
2114,53848,205,18.10817,17.40231,0.06211456
2119,53792,561,17.73285,16.88398,0.06056871
2132,53493,583,17.58365,16.76141,0.08252534
2159,54328,538,16.79122,15.76648,0.04055981
2150,54510,457,17.60606,16.61866,0.0806127
2967,54584,294,17.8537,17.15495,0.08335754
2162,54207,538,18.05816,17.40933,0.08815919
2166,54232,461,17.02723,16.20884,0.04374685
2166,54232,507,17.02765,15.97332,0.03931079
2168,53886,599,17.60053,16.87707,0.05535445
2967,54584,266,18.34312,17.80573,0.09306204
2967,54584,219,17.8579,17.20421,0.08211707
2969,54586,347,16.06844,14.84245,0.03712497
2161,53878,534,18.46266,17.80916,0.0896961
2967,54584,63,18.08352,17.26635,0.08430267
2119,53792,3,17.31934,16.31674,0.06131956
2132,53493,24,17.40804,16.54296,0.06486023
2153,54212,179,17.88926,16.99702,0.05108625
2203,53915,199,17.99372,17.3409,0.08660276
2246,53767,68,17.50927,16.62006,0.06720154
2148,54526,111,18.08713,17.38553,0.07859278
2159,54328,426,18.19515,17.54048,0.05823664
2197,53555,429,17.03773,16.2244,0.03658101
2156,54525,40,17.57002,16.96611,0.03950009
2114,53848,260,18.17854,17.53411,0.0629333
2114,53848,202,17.49769,16.70767,0.06177851
2114,53848,214,18.13058,17.46317,0.06304246
2132,53493,537,16.93694,15.93114,0.03820034
2785,54537,48,17.71307,16.99335,0.08567531
2773,54533,443,18.17086,17.51299,0.07626147
2775,54535,570,17.69883,16.60147,0.06895804
2524,54568,109,17.2865,16.43368,0.0407876
2780,54557,404,17.81581,17.28131,0.09328379
2794,54537,17,17.29701,16.53058,0.05359389
2533,54585,183,17.26843,16.33977,0.0517427
2783,54524,156,17.10645,16.28165,0.05563224
2524,54568,487,17.7683,17.05141,0.09337725
2533,54585,422,18.23093,17.62555,0.09330507
2784,54529,557,17.44256,16.70543,0.06146514
2788,54553,539,18.17938,17.47316,0.08623316
2156,54525,121,17.65895,16.86822,0.04944315
631,52079,631,16.34327,15.41639,0.03755899
633,52079,583,18.39894,17.77694,0.09329844
422,51811,139,17.38498,16.24324,0.05905534
1691,53260,621,16.58249,15.27939,0.03325661
716,52203,180,17.79992,17.09373,0.09510996
422,51811,166,16.87984,16.00895,0.06065357
412,52258,514,17.57808,16.84366,0.03763117
394,51913,40,18.14888,17.48536,0.09703932
395,51783,177,17.2484,16.54336,0.04452216
398,51789,76,18.16846,17.43924,0.0773474
399,51817,427,17.97294,17.15485,0.09381878
404,51812,312,18.00321,17.27938,0.08153094
409,51871,427,16.96526,16.11187,0.04389229
2273,53709,172,18.3753,17.84832,0.0997415
2271,53726,307,17.76305,17.18291,0.06664319
2282,53683,557,18.41978,17.81968,0.08312983
2342,53742,214,17.62023,16.90501,0.05133542
2294,54524,593,18.3061,17.68768,0.06630005
2297,53738,392,16.61611,15.52121,0.04355083
2087,53415,52,18.25624,17.54554,0.07527136
2080,53350,16,17.87315,17.07242,0.07553823
2087,53415,47,16.97949,15.98825,0.04293343
2298,53737,567,17.82864,16.85845,0.08044883
2213,53792,140,17.19497,16.42473,0.03431016
2274,53726,496,18.21658,17.46651,0.0921487
2283,53729,538,18.54456,17.81476,0.09702987
2225,53729,165,18.15769,17.52659,0.08124608
2296,53735,106,17.82743,17.0254,0.08954746
2211,53786,103,16.39449,15.34424,0.03163842
2215,53793,67,17.68213,16.97042,0.06001388
2224,53815,193,17.51667,16.27942,0.04437446
2220,53795,440,18.09402,17.32611,0.08078857
2266,53679,176,18.16995,17.76487,0.0861528
2284,53708,138,18.19844,17.47475,0.08268077
2358,53797,382,18.15788,17.41009,0.08806807
2211,53786,386,17.7081,16.82976,0.06642648
2213,53792,433,18.33761,17.64698,0.07776397
2230,53799,621,16.31798,14.80797,0.0280338
2356,53786,409,18.30098,17.68019,0.08353876
2230,53799,443,17.88925,17.10409,0.07462467
2279,53708,191,17.93324,17.22057,0.07612149
2295,53734,417,17.65322,16.75232,0.08286928
2343,53735,454,18.03138,17.27663,0.07190392
2283,53729,567,18.46391,17.78753,0.09904542
2296,53735,114,18.15168,17.38969,0.08713418
2215,53793,216,18.40702,17.69341,0.07957844
2213,53792,37,17.6205,16.80695,0.06880805
2278,53711,359,17.72921,17.04042,0.04793206
2290,53727,173,17.33127,16.49313,0.03464737
2213,53792,226,17.25185,16.3148,0.03708043
2239,53726,270,17.08732,16.17647,0.05766325
2293,53730,629,18.19233,17.56647,0.07202713
2359,53826,467,17.81246,16.99551,0.07725998
2344,53740,343,17.85545,17.0985,0.0860963
2211,53786,390,18.17749,17.54517,0.07032672
2224,53815,575,18.14675,17.37695,0.07960169
1994,53845,269,17.58493,16.79087,0.06272991
2269,53711,251,18.59099,17.90649,0.09177469
2342,53742,48,18.11549,17.40792,0.08663369
2342,53742,5,18.21787,17.34149,0.08156294
2359,53826,562,18.25769,17.42029,0.05320875
2239,53726,523,18.36713,17.70372,0.09114516
2354,53799,621,18.23794,17.45563,0.0971634
2272,53713,60,18.43767,17.82997,0.08044373
2276,53712,258,18.2639,17.36682,0.0653367
2346,53734,77,16.27952,15.0947,0.03833428
2349,53734,319,17.10723,16.23495,0.03788309
2349,53734,301,17.37787,16.5027,0.04009369
2288,53699,166,16.48149,15.17025,0.02880703
2218,53816,248,17.66568,16.99024,0.07042593
2219,53816,87,18.38623,17.82065,0.09008747
2352,53770,100,17.98092,17.27314,0.05492491
2216,53795,131,16.64656,15.42412,0.03294067
2219,53816,290,17.5358,16.7398,0.05682045
2227,53820,10,17.91362,17.12772,0.07767998
2242,54153,440,16.25615,15.09424,0.01829657
2244,53795,389,18.33923,17.71408,0.07401384
2240,53823,476,16.44039,15.43429,0.02416236
2241,54169,168,17.62092,16.7918,0.07007243
2242,54153,509,18.14345,17.42487,0.09785794
2246,53767,385,17.81479,17.10783,0.07584681
2246,53767,409,17.93781,17.3057,0.07595281
2246,53767,480,18.53924,17.98095,0.0794723
2216,53795,403,18.21463,17.52825,0.06884437
2229,53823,338,18.19613,17.51495,0.08634181
2233,53845,373,16.0947,14.6727,0.02548624
2241,54169,576,16.63365,15.66949,0.025495
2270,53714,195,18.16149,17.38786,0.09030687
2343,53735,140,17.53763,16.68889,0.04173654
2346,53734,22,17.08667,16.12552,0.04072259
2352,53770,264,18.25226,17.62609,0.08337204
2221,53792,145,16.81211,15.97572,0.02969957
2292,53713,561,18.66866,17.82384,0.08759767
2292,53713,578,17.97207,17.11741,0.090152
2216,53795,446,17.7322,17.06461,0.07004756
2219,53816,488,17.59222,16.73519,0.07679565
2240,53823,491,16.06231,14.70531,0.01857126
2240,53823,68,15.90658,14.37545,0.01886249
2227,53820,516,16.64269,15.51941,0.0254337
2233,53845,453,16.34525,15.10155,0.03055688
2241,54169,391,16.16667,15.19222,0.02040969
2241,54169,500,15.86188,14.44077,0.01608296
2241,54169,491,15.86232,14.54587,0.02264451
2240,53823,541,15.70344,14.29229,0.01570999
2241,54169,510,16.34459,15.36005,0.02303923
2242,54153,457,16.53211,15.63321,0.02440839
2658,54502,15,18.00331,17.22534,0.06571273
2656,54484,118,18.26633,17.60868,0.08186562
2661,54505,333,17.52439,16.67159,0.08506952
2664,54524,342,18.01598,17.35505,0.07255003
2432,54052,300,17.61984,16.80384,0.06982514
2435,53828,355,16.74019,15.5573,0.04878885
2439,53795,422,16.1207,14.83082,0.02817199
2364,53737,147,15.81493,14.43082,0.02865113
2435,53828,504,18.13305,17.43049,0.06540567
2363,53763,198,18.30865,17.59077,0.07783198
2477,54058,277,17.64545,16.95184,0.05596266
2427,53815,405,17.4074,16.43274,0.06026174
2367,53763,614,16.93591,15.95303,0.04654199
2366,53741,603,16.97727,16.00194,0.03848022
2424,54448,523,18.09082,17.48281,0.05790443
2426,53795,586,17.25809,16.35023,0.06786913
2429,53799,25,18.15132,17.52839,0.09352289
2585,54097,402,18.08853,17.42928,0.0716899
2649,54212,258,18.45248,17.90685,0.07475799
2650,54505,185,18.07965,17.28872,0.08318521
2777,54554,193,17.7823,17.05346,0.07027266
2370,53764,307,18.36779,17.67198,0.07463411
2650,54505,152,17.55135,16.82422,0.06643387
2770,54510,351,17.97156,17.3368,0.06482261
2651,54507,467,17.93827,17.30914,0.09713549
2776,54554,396,17.89817,17.31987,0.07046177
2371,53762,430,17.89165,17.12329,0.09642464
2492,54178,608,18.5177,17.80835,0.09241411
2651,54507,430,18.02067,17.46048,0.06552083
2794,54537,124,18.09741,17.45342,0.06072978
2514,53882,299,16.62264,15.68352,0.05125014
2656,54484,211,17.83007,17.13887,0.08854644
2424,54448,628,17.23452,16.33634,0.05917828
2583,54095,366,18.49094,17.67589,0.08809816
2761,54534,362,18.36676,17.78853,0.09790786
2423,54149,471,17.87943,16.99308,0.08509931
2434,53826,475,18.41483,17.61854,0.09957479
2371,53762,283,18.02289,17.45136,0.06297354
2649,54212,14,18.51697,17.85455,0.09914496
2419,54139,509,17.07308,16.26906,0.03311493
2433,53820,331,18.26575,17.52287,0.09595495
2438,54056,340,18.15611,17.45694,0.0905017
2438,54056,369,18.29837,17.55976,0.08793212
2500,54178,520,16.44377,15.36095,0.03261907
2767,54243,525,18.124,17.46158,0.07283568
2522,54570,479,16.9891,15.92386,0.03456656
2500,54178,508,17.71853,16.83583,0.06723137
2649,54212,36,18.32509,17.48191,0.08669726
2525,54569,501,16.89211,15.90393,0.04016967
2427,53815,138,18.58507,17.70437,0.06893793
2432,54052,27,18.15914,17.40583,0.07397574
2371,53762,397,18.44335,17.67178,0.06983504
2643,54208,558,18.43357,17.70803,0.07501158
2646,54479,463,17.60645,16.87189,0.06805377
2646,54479,518,17.7517,16.93286,0.06582754
2777,54554,506,17.04287,16.30522,0.0447422
2778,54539,388,17.56612,16.77678,0.05681342
2782,54592,637,17.68319,17.06291,0.05073572
2656,54484,128,17.45819,16.61344,0.07647181
2659,54498,15,18.03466,17.40347,0.07143093
2775,54535,567,17.03737,16.11185,0.03008132
2661,54505,126,18.08794,17.58709,0.07022398
2786,54540,72,17.69255,16.86329,0.07569333
2501,54084,572,18.31365,17.18371,0.07102586
2660,54504,537,18.30372,17.65546,0.08790378
2610,54476,9,17.25175,16.42134,0.06684322
2509,54180,229,16.60426,15.62383,0.02224016
2509,54180,239,16.37641,14.9819,0.02139573
2609,54476,171,18.1594,17.64607,0.06665427
2490,54179,484,17.57938,16.83056,0.07307432
2495,54175,627,17.8224,16.98153,0.06838098
2608,54474,462,18.03162,17.30478,0.0677323
2509,54180,425,16.39186,15.409,0.03848594
2502,54180,329,18.29776,17.73613,0.06398367
2617,54502,245,18.0557,17.36532,0.08260255
2617,54502,128,17.91285,17.15891,0.08911083
2757,54509,312,18.17222,17.52436,0.08248641
2759,54534,230,16.99432,16.06678,0.03858726
2531,54572,241,18.32407,17.57991,0.08842979
2619,54506,120,18.30567,17.93746,0.08626044
2641,54230,440,18.40965,17.77979,0.08522832
2760,54506,589,17.39855,16.57072,0.05271743
2761,54534,520,18.236,17.44434,0.07803483
2522,54570,213,17.63382,16.77458,0.07265975
2616,54499,348,18.38285,17.68229,0.0851713
2756,54508,336,18.17958,17.55184,0.07126821
2777,54554,86,16.55778,15.58746,0.0453742
2764,54535,362,17.09025,16.10678,0.04549976
2756,54508,614,17.94827,17.31115,0.06324442
2482,54175,97,16.40678,15.23018,0.03793856
2583,54095,40,18.09762,17.37446,0.08238113
2585,54097,289,18.15454,17.54334,0.08353499
2479,54174,76,17.73227,16.96847,0.0814742
2485,54176,131,18.15773,17.35119,0.09237505
2479,54174,415,17.23215,16.46022,0.04409605
2482,54175,139,17.70581,16.93006,0.06688607
2482,54175,191,17.56968,16.77151,0.05697692
2479,54174,438,16.4615,15.44758,0.03039385
2495,54175,588,17.53661,16.79558,0.09261879
2509,54180,462,15.85137,14.14277,0.02111407
2479,54174,346,17.80293,17.06063,0.0803386
2502,54180,583,17.75668,17.128,0.06391013
2484,54144,210,17.83783,17.14991,0.07902645
2502,54180,527,15.67188,14.29567,0.02137157
2757,54509,127,18.61881,17.82706,0.08088652
2616,54499,295,18.01652,17.40228,0.06332935
2761,54534,296,17.26873,16.52916,0.05423094
2609,54476,105,18.33233,17.81301,0.07568188
2611,54477,224,17.71426,16.85427,0.07539364
2616,54499,76,17.92203,17.2476,0.06453432
2617,54502,265,17.51452,16.8319,0.06042062
2618,54506,207,18.48095,17.79692,0.06883778
2755,54507,226,17.70839,16.85747,0.08527847
2760,54506,238,17.64454,17.03851,0.05554606
2609,54476,520,18.20823,17.73527,0.06011003
2611,54477,520,18.25595,17.60306,0.07578012
2619,54506,600,18.07751,17.26905,0.08779705
2757,54509,516,17.69532,16.90689,0.08183078
2609,54476,387,18.01971,17.42738,0.07342097
2610,54476,548,16.36273,15.41117,0.03089036
2757,54509,373,16.406,15.11925,0.02758742
2608,54474,528,18.41871,17.82761,0.07470154
2616,54499,326,17.52133,16.81561,0.08583747
2766,54242,54,17.97535,17.1954,0.08207769
2768,54265,57,18.34236,17.67392,0.09175935
2525,54569,267,18.62569,17.9087,0.06475656
2607,54184,45,17.50157,16.50652,0.06605029
2744,54272,85,17.41241,16.58844,0.06039731
2744,54272,431,18.02921,17.31085,0.09791512
2744,54272,79,17.38026,16.57279,0.0613802
2744,54272,630,18.26359,17.43907,0.09812163
2747,54233,505,18.32777,17.62328,0.08742289
2752,54533,461,18.39808,17.83245,0.08403724
2754,54240,454,17.48436,16.67336,0.07364471
2765,54535,282,17.32881,16.65792,0.06909192
2528,54571,611,18.15738,17.50133,0.09349965
2533,54585,73,18.26551,17.58261,0.08602997
1777,53857,523,17.18186,16.43544,0.04037595
2754,54240,231,18.35411,17.67377,0.07228605
2744,54272,560,17.83182,16.94837,0.0583708
2748,54234,388,17.74122,17.11321,0.07625636
2480,53851,1,18.10322,17.29303,0.08666088
2487,53852,26,18.33624,17.61609,0.08902747
2499,54176,114,18.10545,17.44287,0.08000926
2491,53855,243,18.2905,17.76159,0.08754665
2487,53852,493,17.65884,16.86277,0.06887207
2508,53875,598,17.66692,16.95706,0.09164884
2480,53851,347,18.31532,17.62,0.08371961
2487,53852,287,18.06436,17.34421,0.08881065
2487,53852,422,17.98034,17.17053,0.06775663
2502,54180,88,18.31175,17.60224,0.08321417
2600,54243,187,17.62746,16.9277,0.07191934
2606,54154,296,17.78444,17.16823,0.0856359
2599,54234,637,18.15505,17.47973,0.07107078
2603,54479,181,18.05164,17.4054,0.08852562
2605,54484,497,18.30375,17.68824,0.08523634
2600,54243,414,18.2185,17.69257,0.07325374
2883,54525,474,17.22702,16.4685,0.07128827
623,52051,79,17.34187,16.37407,0.05950572
2596,54207,42,18.20266,17.37165,0.09313807
2600,54243,291,17.46951,16.64996,0.07834645
2599,54234,56,18.34566,17.74062,0.06771735
2599,54234,2,18.20239,17.53891,0.07043989
2599,54234,17,17.70123,17.00328,0.06608249
2601,54144,210,17.59093,16.76648,0.08196385
2605,54484,11,18.33471,17.75209,0.07574691
2606,54154,257,17.68206,16.88647,0.09645173
2607,54184,127,18.13615,17.59681,0.07693143
2600,54243,346,18.3015,17.64914,0.07801393
2599,54234,152,18.19334,17.54059,0.08868002
2600,54243,351,17.99248,17.30359,0.07800474
2603,54479,355,18.22252,17.49315,0.06516161
2604,54484,628,18.0055,17.39641,0.08751198
2599,54234,619,17.23694,16.3372,0.07132695
2600,54243,555,18.25607,17.6086,0.08837892
2605,54484,622,17.73588,16.94647,0.08711023
2607,54184,403,18.49656,17.69363,0.07472423
2598,54232,330,18.25712,17.72743,0.08411701
2613,54481,81,17.92941,17.33488,0.07445801
2615,54483,254,18.07484,17.43185,0.06453238
2603,54479,447,18.11179,17.40341,0.08502393
2435,53828,39,17.57936,16.75477,0.08905716
2439,53795,247,18.34811,17.77554,0.0899521
2435,53828,177,18.19016,17.54553,0.07368909
661,52163,163,16.80984,15.89997,0.05073913
668,52162,188,18.01204,17.30073,0.08917605
2421,54153,152,17.68453,16.99307,0.0526719
2579,54068,221,17.79481,16.97271,0.07892723
2585,54097,281,18.22209,17.55326,0.08146362
2423,54149,178,17.83125,17.14787,0.06379919
2572,54056,273,18.32881,17.74851,0.07977517
2584,54153,52,16.82795,15.74516,0.03247606
2574,54084,180,17.08595,16.01239,0.06532966
2584,54153,165,18.3553,17.75977,0.09366962
2576,54086,465,17.62061,16.75764,0.0761233
2580,54092,364,17.59723,16.86172,0.08311538
2589,54174,290,18.1592,17.41442,0.08098861
328,52282,507,18.10772,17.45779,0.07367941
515,52051,420,18.06611,17.47279,0.08255307
840,52374,542,18.28735,17.58631,0.07701839
1229,52723,442,17.75573,17.21477,0.0675621
328,52282,505,17.23354,16.32511,0.04762832
514,51994,168,18.01265,17.38213,0.08927026
1756,53080,547,18.19299,17.47378,0.09788467
1757,53083,571,17.82894,17.04174,0.07907222
2578,54093,82,18.07251,17.29915,0.09306733
2575,54085,85,18.00454,17.25143,0.06250674
2586,54169,148,15.87961,14.28882,0.02977679
2577,54086,543,18.45204,17.7279,0.08119195
2582,54139,586,18.52511,17.78173,0.09675948
2584,54153,471,16.4453,15.16063,0.02663583
2588,54174,477,18.4974,17.78698,0.06286813
2574,54084,322,18.25031,17.49813,0.09544186
2428,53801,6,17.93895,17.28481,0.09583072
2577,54086,403,17.96611,17.24715,0.07823801
2578,54093,330,18.26127,17.49732,0.07892866
337,51997,415,18.08799,17.3821,0.08050782
337,51997,417,18.2094,17.40725,0.08372385
336,51999,580,17.83043,16.97518,0.08759213
522,52024,375,17.8096,17.02035,0.08488638
291,51928,439,18.21945,17.53399,0.08823928
1790,53876,438,17.32543,16.33745,0.04392291
2968,54585,111,18.75068,17.86423,0.08388545
337,51997,365,18.1795,17.48603,0.08103285
337,51997,366,18.36238,17.6734,0.08842289
1792,54270,391,16.62082,15.57542,0.05161593
291,51928,156,16.88342,15.96529,0.04821055
291,51928,571,18.16736,17.32625,0.08009145
522,52024,221,17.60223,16.8814,0.04757042
521,52326,25,17.41851,16.58596,0.04711691
847,52426,430,17.98292,17.23678,0.08836202
612,52079,188,17.72925,16.91465,0.06783563
350,51691,90,18.3427,17.56242,0.07805946
350,51691,251,18.17415,17.60209,0.08084181
1220,52723,210,17.82248,17.03027,0.06145249
1220,52723,157,16.51645,15.51099,0.03628638
1220,52723,354,18.27559,17.60951,0.07414086
2886,54498,405,18.16964,17.55167,0.08905582
626,52057,17,17.91773,17.11351,0.0721517
633,52079,51,16.38337,15.34202,0.0280124
2972,54586,115,18.11434,17.40541,0.07192878
350,51691,92,18.25467,17.43302,0.07865872
610,52056,219,18.05105,17.28703,0.06209027
1799,53556,408,16.73873,15.85856,0.05317707
299,51671,590,18.42819,17.80963,0.08906469
1699,53148,388,17.87782,17.06921,0.07690269
1699,53148,246,16.24965,15.29192,0.02268606
1800,53884,273,17.25475,16.15689,0.04990908
1698,53146,236,18.27538,17.78849,0.07225407
529,52025,218,18.33978,17.71909,0.0867533
529,52025,228,18.30415,17.61376,0.07633629
1800,53884,493,17.94567,17.07738,0.08724197
529,52025,118,18.1848,17.39732,0.07158014
914,52721,184,17.80043,16.98251,0.07572702
432,51884,470,17.91506,17.0998,0.0681124
1734,53034,315,18.15302,17.41179,0.09760984
437,51876,144,17.89872,17.21686,0.06687709
890,52583,535,18.43135,17.60574,0.07403025
892,52378,150,18.33825,17.75397,0.08122198
471,51924,95,16.89262,16.02376,0.05369878
568,52254,250,18.32524,17.56917,0.08765639
1229,52723,208,18.41482,17.78587,0.07081386
531,52028,122,18.35431,17.75656,0.08086684
303,51615,278,18.35791,17.62861,0.08333153
856,52339,279,18.55214,17.80114,0.08834463
531,52028,451,17.97606,17.36932,0.07807557
285,51930,140,18.37886,17.79872,0.08062554
279,51984,516,18.0054,17.16877,0.09964518
407,51820,609,15.9259,14.35589,0.02229504
985,52431,589,17.90126,17.25757,0.06873892
371,52078,335,17.89976,17.24921,0.07452229
374,51791,405,17.93416,17.3474,0.09022401
379,51789,562,18.03294,17.26877,0.07109137
403,51871,403,17.84668,17.17673,0.07512253
457,51901,570,17.86576,16.91006,0.0862686
290,51941,245,18.19383,17.49726,0.079855
302,51688,99,18.45205,17.7051,0.07928953
302,51688,176,17.9526,17.15778,0.05328913
363,51989,494,17.34949,16.49342,0.05977607
310,51990,390,16.72493,15.75553,0.04208763
267,51608,125,17.68149,17.8055,0.09202483
267,51608,125,17.68149,17.8055,0.09202483
511,52636,133,17.55123,16.64998,0.07474677
280,51612,441,18.26891,17.59926,0.07331392
624,52377,640,17.6098,16.91023,0.05043693
442,51882,108,18.4305,17.73199,0.07361884
486,51910,250,18.18476,17.51205,0.0985366
490,51929,28,18.30865,17.68658,0.06565191
631,52079,450,18.3659,17.77781,0.09528258
816,52379,513,16.51339,15.32568,0.03173248
923,52404,318,18.18538,17.37379,0.09940634
924,52409,318,17.91057,17.05993,0.05413687
924,52409,23,18.55495,17.79376,0.07737794
925,52411,174,16.21681,14.56846,0.02820974
925,52411,397,18.05529,17.08352,0.08817326
925,52411,623,18.39215,17.6832,0.07614029
926,52413,508,18.60158,17.95343,0.0823449
977,52410,59,18.52942,17.92423,0.09973881
979,52427,148,18.33836,17.73492,0.09282354
882,52370,36,18.17899,17.55508,0.06143417
1172,52759,158,16.56057,15.61488,0.0305024
1172,52759,105,16.22352,15.04754,0.02735683
1331,52766,416,18.36954,17.71086,0.07497112
1867,53317,366,18.16385,17.41065,0.08976494
2533,54585,521,18.26552,17.60738,0.08711089
2204,53877,138,18.38915,17.88,0.08521454
2795,54563,574,18.17604,17.6693,0.08852974
2196,53534,214,16.71759,15.94307,0.03444698
2197,53555,269,16.73555,15.43863,0.03288664
2196,53534,144,16.94712,15.89514,0.0347338
2197,53555,240,16.55308,15.57984,0.03366669
2478,54097,235,18.16597,17.62257,0.07837316
2776,54554,76,17.52154,16.74611,0.04243647
2484,54144,328,16.33962,15.25856,0.02419617
2785,54537,82,17.85889,16.77593,0.05627599
277,51908,382,18.05261,17.48079,0.08447896
284,51943,559,17.25638,16.30419,0.06066807
286,51999,432,18.22462,17.47029,0.08704844
892,52378,96,18.48486,17.85037,0.08219966
2100,53713,473,16.84328,15.89287,0.0452196
