aid,z,log_M,logage,logZ,alpha_fe,sigma_e,ra,dec,Scale,Rhlr,e,lim_sup,ng,_RA,_DE,Separation,Kq,Kn,Mdyn
spec-0267-51608-0319,0.09311803,10.554,9.688992865057394,0.1045349858911474,-0.111114462796412,119.02922640085552,147.38902908,0.09017073,1.731,2.91,0.62,0.0,4.28,147.38903,0.09017,0.0042279664998848,0.8216932330693044,5.754793439999999,10.656380316415301
spec-0268-51633-0497,0.09200749,10.639,10.016034934821796,0.3448386164134603,-0.124951831251921,133.75457325479516,149.55991315,0.14035072,1.713,2.86,0.32,0.0,4.27,149.55991,0.14035,0.0116324241240519,0.9669974820474221,5.76104289,10.821350420092948
spec-0269-51910-0600,0.09845418,10.547,10.157426818048483,0.1337177953639423,-0.148698137579216,126.72788479187967,151.83972423,0.63554357,1.819,2.54,0.71,0.0,2.15,151.83972,0.63554,0.0199257962680878,0.8027356868192035,7.19475225,10.738607158292377
spec-0274-51913-0550,0.09451214,10.856,9.969564291261117,0.0344399432066111,0.0647203701442763,137.5529474417227,160.67573614,0.68013483,1.755,2.94,0.0,0.0,4.79,160.67574,0.68013,0.0222579009142155,1.5625,5.442462809999999,11.041343283076902
spec-0275-51910-0103,0.06747919,10.859,9.85840460462342,0.2735024541014101,0.0820630983798745,145.7546067701769,162.21441949,-0.47905972,1.293,4.96,0.31,0.0,8.0,162.21442,-0.47906,0.0020944507156512,0.9756052935221179,3.7643999999999993,10.954136824619427
spec-0280-51612-0450,0.07446334,10.409,10.044016299263191,0.0625821953312785,0.186361245653671,111.779821188676,170.71863309,0.98338293,1.414,2.64,0.71,0.0,3.27,170.71863,0.98338,0.0153286409321215,0.8027356868192035,6.41032889,10.596224285792509
spec-0282-51658-0351,0.06886072,10.713,10.146669965377384,0.1389461476016088,0.327608816470588,143.87901423106115,172.36090637,-0.00880949,1.317,3.85,0.14,0.0,7.01,172.36091,-0.00881,0.0131963447351309,1.1965054072410661,4.228966409999999,10.972045193125345
spec-0286-51999-0402,0.0778308,10.673,9.86737297002655,0.2906694343471202,0.119046618785789,123.25931065205911,181.13178983,1.12971131,1.473,3.12,0.47,0.0,3.15,181.13179,1.12971,0.0047555288305549,0.8729178863405056,6.49148225,10.79555198450377
spec-0287-52023-0386,0.09549232,10.71,9.992488669492626,-0.0494422713404639,0.104882759136755,120.00312071903708,182.18676276,0.20598805,1.822,3.24,0.32,0.0,6.56,182.18678,0.20596,0.1185278478797097,0.9669974820474221,4.45574976,10.669716881219003
spec-0288-52000-0282,0.07156478,10.402,10.151631783699,0.2139835975543837,-0.0260759334845165,107.03401427887678,184.21539209,-1.03669489,1.364,3.24,0.37,0.0,5.61,184.21539,-1.03669,0.0191440032377489,0.928983936520446,4.966567609999999,10.600093849314126
spec-0296-51984-0572,0.07864487,10.48,10.079479692977966,-0.0424827164596654,-0.247129529588549,106.00017834601232,200.61209014,1.14358949,1.486,3.5,0.17,0.0,6.02,200.61209,1.14359,0.0019038935723985,1.1445808046337596,4.74077364,10.695617568952798
spec-0297-51959-0126,0.07287462,10.672,10.075736923708975,-0.2067329870585148,0.287165105455558,126.34425929293069,201.53877199,-0.88005729,1.388,2.67,0.41,0.0,3.26,201.53877,-0.88006,0.0121033187124282,0.9037741381612935,6.41706516,10.759459302650379
spec-0297-51959-0157,0.09796132,10.518,10.113691719123148,0.0871705880423725,0.321976563868609,108.0476024020912,202.04553449,0.12386008,1.81,3.5,0.64,0.0,2.25,202.04553,0.12386,0.0161665276806841,0.8168856351754018,7.1222562499999995,10.742517822042345
spec-0299-51671-0368,0.07718384,10.39,10.061916374453624,-0.0311729632750577,-0.268726573559482,102.67598130564386,204.81639862,1.15874204,1.461,2.79,0.53,0.0,2.08,204.8164,1.15874,0.0088659610891084,0.8487068161348575,7.245786239999999,10.623825790560145
spec-0309-51994-0133,0.0840548,10.412,10.115810494702036,0.0015842244119943,-0.60768781269261,117.6558365260148,223.79210047,-0.77619072,1.58,2.97,0.81,0.0,6.51,223.7921,-0.77619,0.003095287174505,0.7881627066638371,4.48155041,10.528468223859058
spec-0312-51689-0513,0.05804222,10.954,9.977428464666495,-0.0775061232820379,0.0230814472859797,137.77854500202852,229.33629578,0.23721915,1.125,5.48,0.46,0.0,5.23,229.3363,0.23722,0.0154969838308881,0.8775527169786937,5.1830748899999985,11.041445100953204
spec-0329-52056-0053,0.0768394,10.534,9.99491347491893,-0.0380118107561154,-0.314740694548628,118.51364527035504,177.3068674,-3.63777462,1.455,2.94,0.6,0.0,5.38,177.30687,-3.63777,0.0190756476917902,0.8268941874213698,5.09678004,10.6070705288185
spec-0329-52056-0318,0.05475302,10.675,9.981694008799805,0.2260768714476555,-0.0378266813460137,140.27193296187357,175.42596484,-2.85885764,1.064,2.9,0.56,0.0,5.34,175.42596,-2.85886,0.019365499450228,0.8386131011557931,5.11968596,10.755585181439873
spec-0338-51694-0449,0.08139554,10.684,10.029811705369744,-0.0265748916591191,-0.266314380480861,120.93114637149723,194.53755373,-1.61195481,1.535,3.4,0.33,0.0,4.79,194.53755,-1.61195,0.0219091843586782,0.9587450189793348,5.442462809999999,10.780494502442421
spec-0338-51694-0563,0.08372389,10.584,10.062531353392384,-0.02944531920168,-0.215530152216779,123.77853248563218,194.86348284,-1.43067318,1.574,2.87,0.33,0.0,5.96,194.86348,-1.43067,0.0153467168154975,0.9587450189793348,4.77331056,10.670136022531054
spec-0375-52140-0040,0.05903046,10.212,10.012803480514672,0.1974309061675153,-0.360498965152039,92.29649677879172,336.87926665,-0.6698092,1.142,2.61,0.45,0.0,6.0,336.87927,-0.66981,0.0123983114348007,0.8823790877462955,4.7516,10.335946677294144
spec-0378-52146-0504,0.09083009,10.287,9.975233064532262,-0.0048887897090109,-0.0144940211192461,103.3163573865414,341.57950541,0.70404374,1.693,2.23,0.49,0.0,7.93,341.5795,0.70404,0.023675654366309,0.8641911456966372,3.79569609,10.258984934739264
spec-0384-51821-0537,0.08488655,10.43,9.946955472992247,-0.0475153864324995,0.015301234441481,104.5618714494328,353.78871753,0.94060485,1.593,3.58,0.54,0.0,4.98,353.78872,0.9406,0.0195933141463071,0.8452074611443647,5.32930964,10.612704653262046
spec-0401-51788-0160,0.08868066,10.827,9.945490292266191,0.0342180654912658,0.359571004219963,129.0170624157677,25.89317123,-0.03680178,1.658,3.33,0.26,0.0,4.09,25.89317,-0.0368,0.0077890718253239,1.024588205031141,5.874357209999999,10.889688890799832
spec-0404-51812-0510,0.07690474,10.927,10.048535188302514,0.3569822349102201,-0.110329169044959,147.97019640314505,31.32578979,0.23135758,1.456,3.86,0.21,0.0,5.33,31.32579,0.23136,0.0087447396016237,1.0853616458827038,5.1254244899999994,11.038680770521626
spec-0406-51876-0154,0.09758585,10.441,10.098593322185726,-0.0247370194977305,0.0128434994649056,110.88110046408056,35.79611114,-0.45085744,1.804,2.46,0.84,0.0,1.87,35.79611,-0.45086,0.010088430457142,0.7847808647358104,7.4003052899999995,10.61108885875351
spec-0420-51871-0021,0.06115272,10.418,10.080370191822524,0.044034812851486,0.154549764778879,108.62852365931708,14.7088969,14.77681021,1.18,3.63,0.34,0.0,8.0,14.7089,14.77681,0.0108173518491623,0.9508320982325946,3.7643999999999993,10.552034633501883
spec-0427-51900-0623,0.08690428,10.469,10.106610915923593,0.0889717357382395,-0.0172309143389845,128.65514779318264,31.78862527,14.17316576,1.627,3.02,0.8,0.0,7.89,31.78862,14.17317,0.0239028686464241,0.7893797108194118,3.8136856100000003,10.543932781888714
spec-0432-51884-0469,0.08379553,10.69,10.085084205659744,0.195559762271039,0.135323733673407,148.22466404778294,115.63854581,40.50536186,1.575,3.41,0.69,0.0,5.41,115.63855,40.50536,0.0132806420438229,0.8063922713597157,5.07965121,10.853416233040948
spec-0432-51884-0600,0.07006959,10.359,10.056833050031203,-0.1332581243540842,0.0449825800243225,105.42548376196028,116.5129749,40.1179463,1.338,2.29,0.75,0.0,2.77,116.51297,40.11795,0.0189576674403027,0.7962225610272257,6.753046889999999,10.502701586929403
spec-0443-51873-0346,0.07246137,11.084,9.988598069158533,0.2105723837330498,-0.0443637218811535,173.54919717360042,125.88695241,49.78235635,1.38,3.54,0.23,0.0,5.16,125.88695,49.78236,0.0142843393571929,1.059452598972988,5.223716959999999,11.13735030304185
spec-0447-51877-0635,0.08838283,10.698,9.932308977462128,0.2120796262386333,0.0045937037425429,128.1178689972453,134.36657407,52.18627939,1.652,3.61,0.74,0.0,4.43,134.36657,52.18628,0.009247608111868,0.7977573226358899,5.66163009,10.793979559775288
spec-0448-51900-0361,0.08408604,10.532,10.009240290610007,-0.1362392741014471,-0.392223070062715,106.08281003640218,132.7883781,57.32528164,1.58,2.57,0.36,0.0,4.8,132.78838,57.32528,0.0069637114571753,0.9359655037331305,5.436464,10.534240167996204
spec-0451-51908-0053,0.04853034,10.562,10.149573330203465,-0.0245332315919703,0.0153240328362564,114.84158891167868,140.89291493,55.95147165,0.95,2.99,0.39,0.0,2.74,140.89291,55.95147,0.0115770401361607,0.9158595133204178,6.77399316,10.754983843375053
spec-0456-51910-0579,0.08522807,10.464,10.163532362507508,-0.0217593427569424,-0.0039266589742819,122.12112128533272,42.04182767,-7.428676,1.599,3.01,0.33,0.0,5.83,42.04183,-7.42868,0.0166295640830736,0.9587450189793348,4.844402489999999,10.68553205646742
spec-0467-51901-0472,0.09956071,10.607,10.083282981211408,0.0054113228003098,0.0795387450799583,128.27960274471704,131.55431232,1.20232235,1.838,3.75,0.65,0.0,4.22,131.55431,1.20232,0.0118868328063146,0.8146196502770222,5.79236244,10.830597746167193
spec-0474-52000-0186,0.05840693,10.156,9.988989264535418,-0.0698724961149597,-0.0316610548648744,104.34106231113716,140.66253196,-0.38727904,1.131,2.04,0.69,0.0,6.37,140.66253,-0.38728,0.0078567675442858,0.8063922713597157,4.5544332899999995,10.277962032536035
spec-0491-51942-0513,0.08207186,10.569,9.64336980627945,0.2255473568795986,0.153383596774183,118.87652389038746,171.75300461,67.01062315,1.546,2.74,0.44,0.0,4.92,171.753,67.01062,0.0130617217585656,0.8874053975750458,5.36485424,10.632063405283315
spec-0495-51988-0264,0.04821121,10.54,10.015674070034894,0.0947668666932144,-0.0094561054739534,118.84935146868249,191.48084645,66.60633293,0.945,2.7,0.74,0.0,3.31,191.48085,66.60633,0.0117050568814358,0.7977573226358899,6.383432009999999,10.654723088065985
spec-0501-52235-0538,0.09772156,10.799,9.887374981608067,-0.0021747008344534,0.0502231514460053,132.01896977487013,151.20123853,2.76354745,1.808,2.8,0.22,0.0,3.96,151.20124,2.76355,0.0105930431272989,1.0721232014342572,5.957166559999999,10.860155802647503
spec-0503-51999-0230,0.06040074,10.277,10.038881931353265,-0.2012453858380648,-0.109275896513567,95.73522903025756,154.47755327,1.65879363,1.167,2.34,0.3,0.0,5.53,154.47755,1.65879,0.0175851210586442,0.984585082448575,5.011569689999999,10.39102709909791
spec-0510-52381-0433,0.07456692,10.343,10.13488171650452,0.1584798655926564,-0.0481969802531178,95.2211599667982,168.41969304,2.53591363,1.416,3.16,0.71,0.0,3.44,168.41969,2.53591,0.0170384649235826,0.8027356868192035,6.2965497599999996,10.527269883483557
spec-0511-52636-0150,0.09328479,10.51,9.946668243353598,-0.2343377040051012,0.0411211579075096,118.15995138208392,170.54991878,2.13383308,1.735,3.73,0.29,0.0,7.05,170.54992,2.13383,0.0119250435854989,0.993954349345031,4.20928025,10.704664374190694
spec-0516-52017-0212,0.07738028,10.817,10.055836056433694,0.0187896298605207,0.265284410426244,147.5922690251006,180.16253354,1.68028204,1.465,4.03,0.55,0.0,4.32,180.16253,1.68028,0.0147038849125759,0.8418447448145492,5.729843839999999,10.993247711290584
spec-0518-52282-0555,0.07886032,10.342,10.023931037386523,0.0638975565341533,0.134966317145864,94.61625896748016,184.27152835,3.07262435,1.491,2.25,0.4,0.0,3.62,184.27153,3.07262,0.0167456807811125,0.9096926026564097,6.177596039999999,10.420268887221162
spec-0519-52283-0357,0.07803418,10.346,10.050915910084347,0.2251519602065498,0.292633296273117,111.16231219531512,184.89406953,2.8168322,1.477,2.53,0.4,0.0,4.37,184.89407,2.81683,0.0080982930361989,0.9096926026564097,5.698765289999999,10.576151753076099
spec-0528-52022-0192,0.07935786,10.44,10.15918576022352,-0.0462211374563378,0.475227233117861,124.12008524700305,203.75936673,2.42811298,1.499,2.42,0.73,0.0,2.18,203.75937,2.42811,0.015919209626559,0.7993527728767938,7.172952839999999,10.696376612761878
spec-0529-52025-0156,0.07574615,10.478,9.67323636993942,0.0873916767897591,-0.28758208831908,118.96963678080776,205.67769497,2.36305771,1.438,2.4,0.6,0.0,3.19,205.67769,2.36306,0.0196861113541418,0.8268941874213698,6.464354009999999,10.62549923910192
spec-0553-51999-0358,0.08728114,10.987,10.107243326242044,0.2573848466489689,0.0419192725816531,172.96070573984278,137.09246821,53.08536038,1.634,4.17,0.7,0.0,4.07,137.09247,53.08536,0.0041050712155647,0.8045283901955289,5.887044089999999,11.137910269917027
spec-0564-52224-0327,0.07725134,10.754,10.03136204516673,0.2277454375355549,0.401628759732602,144.36057025555542,130.0167437,3.55500665,1.463,2.8,0.46,0.0,1.59,130.01674,3.55501,0.0179494802387506,0.8775527169786937,7.609637209999999,10.957133031741268
spec-0564-52224-0375,0.07790524,10.769,10.000739614000866,0.1533682397072703,0.0993001204869367,133.53725239396914,130.56476667,3.39334312,1.474,3.48,0.26,0.0,3.23,130.56477,3.39334,0.016412387751532,1.024588205031141,6.43730289,10.97847806747257
spec-0569-52264-0360,0.05926709,10.729,10.079873968141843,0.0189640897516447,-0.0117444342924994,131.9894161707214,142.54962392,3.7149054,1.147,3.26,0.25,0.0,4.24,142.54962,3.7149,0.0240047103589982,1.035709701476211,5.779820159999999,10.897888840641043
spec-0576-52325-0161,0.06492846,10.329,10.045932941954272,0.0227834399093183,0.0456943183588707,109.33926375947736,157.59133937,3.9620403,1.248,2.65,0.65,0.0,5.8,157.59134,3.96204,0.0025071232001382,0.8146196502770222,4.860923999999999,10.464912532395735
spec-0580-52368-0115,0.09143046,10.848,10.031992515425992,0.2911228353243381,0.128732616178952,135.3858553056846,165.71763508,4.72353152,1.702,5.42,0.26,0.0,4.75,165.71763,4.72353,0.019029602265142,1.024588205031141,5.466506249999998,11.111845728572911
spec-0582-52045-0448,0.0883446,10.613,10.15048818311096,0.0842994216568468,0.14081912909891,141.9825240137379,211.94314821,5.38527362,1.651,4.43,0.76,0.0,5.06,211.94315,5.38527,0.0145255772677887,0.7947461271650121,5.28218676,10.940356338530444
spec-0582-52045-0471,0.06216028,10.604,10.02207671996027,0.0016187401497474,-0.100757777073329,117.74922308843789,211.37668755,4.74325831,1.198,3.94,0.56,0.0,5.75,211.37669,4.74326,0.0106899731441295,0.8386131011557931,4.88855625,10.716595237156655
spec-0617-52072-0344,0.07291824,10.699,10.107115593995456,0.252363360069962,0.363101922370578,118.15678529115272,233.94677932,56.87137435,1.387,3.73,0.82,0.0,3.27,233.94678,56.87137,0.0157170457994868,0.7869917339364191,6.41032889,10.78591730294272
spec-0621-52055-0562,0.02994199,10.201,10.04431968188228,0.0546364523417123,-0.0363006810196944,88.61474690591274,242.68935288,53.64513056,0.6,2.15,0.78,0.0,2.53,242.68935,53.64513,0.0064681892410635,0.7919592728174347,6.921831689999999,10.332815000908955
spec-0640-52200-0177,0.08610862,10.389,10.024517359789623,0.0378202530405677,-0.0257910568116898,111.6843904435578,321.48077817,-7.2929352,1.616,2.62,0.56,0.0,4.84,321.48078,-7.29293,0.0198277772898925,0.8386131011557931,5.41251696,10.537687815941855
spec-0645-52203-0074,0.07119211,10.246,10.005249083116947,0.0463078383252263,,94.89604687747196,351.07485963,-9.87459088,1.358,2.27,0.56,0.0,2.74,351.07486,-9.87459,0.0034290332669922,0.8386131011557931,6.77399316,10.431369151359181
spec-0647-52553-0472,0.06089477,11.13,10.0481776954229,0.1133311763784246,-0.0639821692116478,172.20211537545174,353.996897,-9.44205002,1.176,6.15,0.39,0.0,5.16,353.9969,-9.44205,0.0106539251603211,0.9158595133204178,5.223716959999999,11.307201233312474
spec-0649-52201-0098,0.07397442,10.496,10.156877958139816,0.0792366205527015,0.265526453685845,116.4315854982271,358.62902438,-10.28236969,1.407,3.14,0.62,0.0,4.27,358.62902,-10.28237,0.0155548519312175,0.8216932330693044,5.76104289,10.670722745013645
spec-0649-52201-0575,0.07408068,10.458,9.966662218077072,0.1822941439609955,0.70058561176985,117.69298974041826,358.77381752,-9.35364171,1.407,3.03,0.23,0.0,6.93,358.77382,-9.35364,0.0107470918567089,1.059452598972988,4.268570089999999,10.644748421853217
spec-0652-52138-0517,0.02218958,10.389,10.055513979275318,0.0411214203281298,0.0693032031224604,98.54413884461144,4.26204737,-9.67965757,0.449,2.52,0.56,0.0,3.61,4.26205,-9.67966,0.0127920382309817,0.8386131011557931,6.18416361,10.469945406894576
spec-0657-52177-0059,0.02259914,10.364,9.983504599817946,0.2648174056005577,0.0189494452238488,102.96186466954578,14.07645488,-10.67388109,0.457,3.17,0.29,0.0,8.0,14.07645,-10.67388,0.0177043609426131,0.993954349345031,3.7643999999999993,10.465914918824373
spec-0664-52174-0602,0.09117201,10.418,10.09277422735905,-0.0816120666391774,-0.231782425716033,103.83129287200472,27.38195313,-8.20920052,1.698,2.1,0.19,0.0,7.4,27.38195,-8.2092,0.0113085604951237,1.1136561812426087,4.040315999999999,10.3744829385592
spec-0678-52884-0599,0.09116802,10.697,10.022099797691808,0.0309458419304302,0.179170668285065,117.26964787556406,347.53171413,-0.005372,1.699,2.77,0.37,0.0,3.87,347.53171,-0.00537,0.0165196072756291,0.928983936520446,6.014973289999999,10.69453357399094
spec-0716-52203-0526,0.09845155,10.551,9.986318794978134,0.1432672744331894,-0.0019043934298284,117.3195872829201,329.42405026,-7.04162867,1.819,2.42,0.34,0.0,3.54,329.42405,-7.04163,0.0048772813550025,0.9508320982325946,6.23027156,10.661607885073419
spec-0718-52206-0070,0.08381562,10.436,10.031041903097371,-0.0154107487190343,0.341551648946708,108.23063033737368,332.68118178,-9.6858888,1.575,2.91,0.65,0.0,4.11,332.68118,-9.68589,0.0076526146284062,0.8146196502770222,5.86168961,10.578011719415764
spec-0718-52206-0432,0.05686896,10.829,10.14874102172311,0.3054338691276417,0.109985220277368,148.69873130258893,332.12451526,-7.62672647,1.103,4.22,0.31,0.0,4.99,332.12451,-7.62673,0.022666040263903,0.9756052935221179,5.32340241,11.051831077280472
spec-0718-52206-0436,0.05530354,10.708,10.151950807290715,0.1899658133008674,0.128301557776796,127.67245008684084,332.06745124,-7.57218033,1.074,4.41,0.35,0.0,5.79,332.06745,-7.57218,0.0045817693865711,0.9432436911467813,4.866440809999999,10.884908984643959
spec-0724-52254-0379,0.07890795,10.635,9.959064979649712,0.1267585113600388,-0.0022107054168515,142.47623677887034,343.17996328,-8.53033065,1.491,3.12,0.58,0.0,4.98,343.17996,-8.53033,0.0119095196036235,0.8325219696942819,5.32930964,10.815146777432176
spec-0725-52258-0406,0.07823625,10.417,10.064928643267134,0.121302670988876,-0.416877000078892,109.70272012981228,345.44724669,-8.39817113,1.48,2.72,0.11,0.0,5.91,345.44725,-8.39817,0.0124703995691145,1.2560326923580525,4.800557209999999,10.661736944791237
spec-0725-52258-0568,0.08452926,10.519,9.95440635122866,0.2190942654924131,0.157318820017124,118.36741709012566,346.04535721,-8.29294871,1.587,3.14,0.45,0.0,5.19,346.04536,-8.29295,0.0109704133447905,0.8823790877462955,5.206270009999999,10.67201653978396
spec-0726-52226-0360,0.09092933,11.061,10.090670136096884,0.2644387407674756,0.161885382394072,175.86228326479244,346.82425146,-9.58697973,1.694,3.68,0.47,0.0,1.74,346.82425,-9.58698,0.0052729563212952,0.8729178863405056,7.497025159999999,11.238496249332893
spec-0727-52207-0382,0.09796101,10.729,10.164384651440074,0.1520199927979321,0.0846930422925437,130.51853699241195,315.60957204,11.14651419,1.811,3.71,0.7,0.0,3.99,315.60957,11.14651,0.0167166310127783,0.8045283901955289,5.937984409999999,10.846339385928157
spec-0728-52520-0574,0.08461496,10.624,10.07182431245967,0.1927939150939646,-0.041665196780165,122.82632956574042,318.35383619,11.64818942,1.589,2.57,0.59,0.0,3.26,318.35384,11.64819,0.0135948324171668,0.8296525174182051,6.41706516,10.68118941087514
spec-0730-52466-0096,0.07146822,10.69,9.8772731257215,0.2456444157386522,0.241693589119615,137.065682656102,322.17599158,10.07863629,1.363,2.79,0.54,0.0,5.05,322.17599,10.07864,0.0144825847737621,0.8452074611443647,5.28806025,10.736162042066415
spec-0736-52221-0516,0.02558855,10.321,10.13630887241676,0.0438970293090334,-0.100750465971226,95.07498432375368,334.21832362,13.42595345,0.515,2.35,0.6,0.0,2.39,334.21832,13.42595,0.0177463649352825,0.8268941874213698,7.02157161,10.457525310805421
spec-0780-52370-0209,0.07115959,10.902,10.126070604441278,0.1303227594667584,-0.182461055449398,133.93509216069256,186.2571701,61.36684438,1.357,4.55,0.59,0.0,3.31,186.25717,61.36684,0.0157689436396018,0.8296525174182051,6.383432009999999,11.002191285837046
spec-0781-52373-0266,0.07539564,10.584,10.136777473249706,0.0460031907026851,0.135325330835461,110.0808995111088,188.4964318,62.29364968,1.431,2.98,0.44,0.0,2.56,188.49643,62.29365,0.0032255452460215,0.8874053975750458,6.90058176,10.71108863036608
spec-0812-52352-0405,0.0841214,10.7,9.850845691902665,0.2676964977867879,0.244819504619699,129.92601492226106,237.79082833,50.21268853,1.581,3.6,0.12,0.0,7.99,237.79083,50.21269,0.0065427140438602,1.2352721781068696,3.7688564099999997,10.818107643393096
spec-0815-52374-0042,0.03243576,10.447,10.13124959461904,0.1064299168329956,0.0535939222437586,104.9404529938024,246.60396441,42.12308331,0.648,2.94,0.43,0.0,3.93,246.60396,42.12308,0.0167525880813033,0.8926404490652192,5.97639209,10.603789499467515
spec-0816-52379-0190,0.03165239,10.139,10.015089348032994,-0.0239973025530049,-0.0016129062813038,89.4257144036162,247.5265324,40.31471162,0.633,1.76,0.71,0.0,2.6,247.52653,40.31471,0.0087985352731404,0.8027356868192035,6.872315999999999,10.256553850999676
spec-0835-52326-0454,0.08995027,10.621,9.948796983758484,0.2219817003238003,0.059952944227132,129.47668883769413,168.90237673,5.74714843,1.679,3.66,0.3,0.0,4.12,168.90238,5.74715,0.0130052084600485,0.984585082448575,5.855363039999999,10.915111987934282
spec-0838-52378-0503,0.09915196,10.786,10.132757085924837,0.2806521415740212,0.181295798765734,137.68078070061586,175.36173183,5.44299353,1.831,5.51,0.29,0.0,7.57,175.36173,5.44299,0.0143005069634932,0.993954349345031,3.96037809,10.980441981447616
spec-0845-52381-0437,0.07960098,10.182,10.127189278797497,-0.0947050866016496,0.315225542650934,98.33463779915958,187.67306019,5.1205848,1.503,2.3,0.58,0.0,1.87,187.67306,5.12058,0.0172934244445988,0.8325219696942819,7.4003052899999995,10.503226875457422
spec-0849-52439-0373,0.0942359,10.429,9.825133047339412,0.0767491262432874,0.0861343076294566,111.59756345889082,195.40145661,5.72906149,1.751,2.48,0.34,0.0,5.13,195.40146,5.72906,0.0132750125976896,0.9508320982325946,5.241207289999999,10.553736931821076
spec-0851-52376-0508,0.09522477,10.723,10.084535198203334,0.2651303073293261,-0.0089153056310208,120.62047387930473,199.77376364,5.18639386,1.767,4.99,0.09,0.0,7.92,199.77376,5.18639,0.0190633279244347,1.30055465966675,3.8001862399999995,10.921316751920658
spec-0853-52374-0574,0.07185679,10.665,10.02118979942713,0.0500871683389497,0.130691690456385,128.63406952265078,204.56544354,5.68364263,1.37,2.73,0.49,0.0,3.94,204.56544,5.68364,0.0158259165902446,0.8641911456966372,5.96997876,10.733897919206788
spec-0855-52375-0548,0.08226885,10.396,10.02273158328418,0.2496496394682531,0.052922102351389,104.71195046572984,208.31775676,5.14392683,1.548,2.51,0.69,0.0,3.14,208.31776,5.14393,0.0162846247664383,0.8063922713597157,6.498276359999999,10.525451408988758
spec-0875-52354-0181,0.04421667,10.991,10.090977055908152,0.1149775858568732,0.0306278906977921,166.10092477168618,159.07236864,49.37193983,0.871,3.5,0.35,0.0,4.37,159.07237,49.37194,0.0032462218608229,0.9432436911467813,5.698765289999999,11.081657479806148
spec-0886-52381-0309,0.06702118,10.128,10.129732189154868,0.0567122938479441,0.301197774615492,85.14824282674181,191.65472948,51.57780194,1.285,2.65,0.31,0.0,5.24,191.65473,51.5778,0.0070802298939617,0.9756052935221179,5.177288159999999,10.35341439495797
spec-0889-52663-0487,0.09245034,11.262,9.997022778184691,0.3424554483608951,0.134079129573699,204.33286078323903,116.82580093,30.06551394,1.72,5.9,0.42,0.0,5.4,116.8258,30.06551,0.014476932590556,0.898093470327658,5.085355999999999,11.417611997488372
spec-0892-52378-0156,0.08413982,10.366,10.14338041506149,-0.1284272855232663,0.0790023499461268,113.75911755049154,122.48887169,35.80690645,1.581,3.25,0.28,0.0,7.85,122.48887,35.80691,0.0136994005806245,1.0037315179050041,3.831752249999999,10.57531142768555
spec-0892-52378-0487,0.07989726,10.401,9.82380287815581,0.1444114176463984,-0.473525293835455,98.8861626116868,122.83401276,35.99423824,1.509,3.02,0.8,0.0,2.85,122.83401,35.99424,0.0102357264063853,0.7893797108194118,6.69740225,10.559910989287143
spec-0903-52400-0118,0.09636513,10.752,9.856048103825824,0.2156667567314835,-0.114767102793925,140.59879396127252,151.84559443,52.39031444,1.785,2.77,0.52,0.0,4.42,151.84559,52.39031,0.0187140139118531,0.8523486307670756,5.66780724,10.788915954367415
spec-0905-52643-0341,0.06702167,10.812,9.957698151040116,-0.0737158875618765,0.0177750472348985,147.28080990348602,155.71724645,54.86656277,1.285,4.54,0.33,0.0,8.0,155.71725,54.86656,0.0123908000959871,0.9587450189793348,3.7643999999999993,10.917187720751087
spec-0910-52377-0151,0.08556622,10.391,10.055220228700838,0.0545357264458765,0.279249558051057,116.43351161863691,202.43716196,-2.30072076,1.605,2.64,0.7,0.0,4.13,202.43716,-2.30072,0.007562578626268,0.8045283901955289,5.84904129,10.592826635061066
spec-0913-52433-0090,0.0836331,10.671,9.908171468041738,-0.0014603318563514,-0.182100498150387,127.95026877223005,206.77854396,-3.13400954,1.572,3.94,0.63,0.0,4.85,206.77854,-3.13401,0.0143306808376071,0.8192422451676569,5.406542249999999,10.822351222201114
spec-0928-52578-0143,0.06119184,10.509,10.14746232497834,0.0780827743116717,0.144165489262644,129.93455905452092,118.53060046,25.13590696,1.182,2.87,0.52,0.0,4.19,118.5306,25.13591,0.011046206619568,0.8523486307670756,5.811212009999999,10.746655893596296
spec-0931-52619-0063,0.06475782,10.487,10.107497712048298,-0.0451701921400468,-0.140321436722058,113.20028995748748,125.73134806,30.52714325,1.246,3.82,0.31,0.0,7.31,125.73135,30.52714,0.0131560447715671,0.9756052935221179,4.0832000100000005,10.65647389840627
spec-0931-52619-0308,0.07736823,10.869,9.877871813425084,0.1154081663434788,0.119940932890816,160.92295006240042,123.73681759,30.35262521,1.465,4.01,0.36,0.0,5.88,123.73682,30.35262,0.0201950403658258,0.9359655037331305,4.81696304,11.036854155309696
spec-0936-52705-0236,0.06090875,10.151,10.147473358767066,0.0985364131021797,0.111469948725618,103.7967478631598,135.03400106,37.41671548,1.175,1.25,0.35,0.0,7.98,135.034,37.41672,0.0165518516332751,0.9432436911467813,3.7733176399999993,10.0470654361203
spec-0938-52708-0044,0.02804272,10.297,10.002385344549989,0.0355102588185125,-0.0171114361356845,101.1908489704228,140.21598159,39.35493164,0.564,2.29,0.37,0.0,5.59,140.21598,39.35493,0.0073787902563452,0.928983936520446,4.97778921,10.401603323015753
spec-0939-52636-0178,0.09476107,10.597,10.052383054235056,0.0773506056109457,0.162765562814109,122.38838748918268,142.14239059,40.79143683,1.758,2.7,0.47,0.0,4.27,142.14239,40.79144,0.0115247393196066,0.8729178863405056,5.76104289,10.674759345812088
spec-0941-52709-0175,0.07149516,10.475,10.112378482694938,0.1781895294948401,0.0183768930539858,104.80401135441798,146.63990013,43.21040583,1.363,3.72,0.35,0.0,3.31,146.6399,43.21041,0.0150158746927845,0.9432436911467813,6.383432009999999,10.757417552171454
spec-0941-52709-0243,0.08047642,10.807,10.031704674636345,0.259671745279093,0.20777655637012,162.7387283080001,146.51175578,42.26335213,1.519,3.9,0.49,0.0,6.23,146.51176,42.26335,0.0136089519572558,0.8641911456966372,4.628260889999999,10.982514742020532
spec-0941-52709-0485,0.07455532,10.137,10.16097212141938,-0.13424248136109,0.507188278139965,93.14852100447604,146.75039343,43.50480305,1.417,2.29,0.73,0.0,2.79,146.75039,43.5048,0.0141694778995317,0.7993527728767938,6.739106809999999,10.395968890206781
spec-0944-52614-0141,0.08743574,10.853,10.154599910478346,0.1991471106417235,0.0857000418980808,130.57128072440287,155.28337987,45.63028913,1.637,4.49,0.17,0.0,4.2,155.28338,45.63029,0.0031490517121331,1.1445808046337596,5.804924,11.072825320434262
spec-0949-52427-0114,0.07618591,10.448,10.083127777681876,0.2014227043213662,0.289926656607482,106.98986461630685,164.29294201,57.78438448,1.443,2.49,0.32,0.0,4.18,164.29294,57.78438,0.016582917898792,0.9669974820474221,5.817504839999999,10.571487374629498
spec-0955-52409-0433,0.05734314,10.659,9.855237284344776,-0.1061741901173984,0.145923419316645,124.52860860812746,183.79168799,60.06609255,1.112,4.02,0.57,0.0,4.45,183.79169,60.06609,0.009864585779378,0.8355072068666826,5.649290249999999,10.835149068348505
spec-0967-52636-0007,0.07227951,10.819,10.159073264820035,0.1612978217471982,0.0788793311559331,136.0615896208285,176.43392355,48.5867193,1.377,5.69,0.32,0.0,4.65,176.43392,48.58672,0.0088213899981503,0.9669974820474221,5.526952249999999,11.116935058349288
spec-0967-52636-0127,0.07336719,10.746,9.941025232815289,0.0329834385381764,0.0046721402520074,142.99162413386892,175.38025905,48.47110978,1.396,3.62,0.39,0.0,5.21,175.38026,48.47111,0.0024017913225341,0.9158595133204178,5.19466281,10.913156646952366
spec-0969-52442-0194,0.09715983,10.826,10.165827524472936,0.234349209330989,0.234511489176547,152.08868087169031,181.01089773,49.68180643,1.797,3.72,0.45,0.0,5.75,181.0109,49.68181,0.013897195116654,0.8823790877462955,4.88855625,10.936013204739165
spec-0969-52442-0580,0.083942,10.574,10.039338476745604,0.1684968643414252,0.0441097116619537,124.33481718303196,182.23718571,51.02815624,1.578,2.58,0.46,0.0,4.08,182.23719,51.02816,0.0166604911849471,0.8775527169786937,5.880698239999999,10.679947991213766
spec-0973-52426-0045,0.0838158,10.464,10.147575066773792,0.0443875276819139,0.228749074361305,111.73768479596262,256.25500594,32.0232919,1.576,2.7,0.4,0.0,4.85,256.25501,32.02329,0.0141543392484818,0.9096926026564097,5.406542249999999,10.586018020677841
spec-0982-52466-0483,0.05839583,10.808,10.102284753440635,0.1761671695713047,0.104019993085076,158.50265240654124,311.94592228,0.25241171,1.13,3.28,0.68,0.0,5.29,311.94592,0.25241,0.0102599363161059,0.8083302385460109,5.14842681,10.901650935790826
spec-0995-52731-0288,0.07640802,10.687,10.019822084923046,0.251931223897366,-0.447196072429674,132.19694017105525,149.21849225,5.11354072,1.448,3.92,0.25,0.0,4.75,149.21849,5.11354,0.0084739158736207,1.035709701476211,5.466506249999998,10.95511742156488
spec-0995-52731-0477,0.0930671,10.471,10.011843460817056,0.0342114679003634,0.226587140083688,116.52637949017968,150.10404841,6.28069888,1.73,2.83,0.54,0.0,4.5,150.10405,6.2807,0.0069734547503052,0.8452074611443647,5.618525,10.62766123641356
spec-1002-52646-0237,0.05232186,11.13,10.020306778840618,0.0855501725270161,-0.0170361704220719,178.0637009747055,164.19277,6.85317921,1.02,4.8,0.1,0.0,6.24,164.19277,6.85318,0.0028440000001386,1.2777761041980535,4.622956159999999,11.32020722105351
spec-1013-52707-0082,0.02711286,10.23,9.977421569653712,-0.0541252407230517,-0.0515639182800699,102.97938262145156,170.97139977,53.12940244,0.546,2.63,0.49,0.0,6.25,170.9714,53.1294,0.0087980381037244,0.8641911456966372,4.61765625,10.4129283833616
spec-1044-52468-0181,0.04118164,10.87,10.06113867928201,0.0839262389808932,0.0209834374754902,142.17610813197552,210.60216527,51.68696035,0.814,2.96,0.07,0.0,4.21,210.60216,51.68696,0.0118291329390412,1.3494421058143873,5.798640809999999,11.036866074646815
spec-1051-52468-0122,0.09716521,10.619,9.91799652050832,0.1102730037741386,0.0264180977018047,111.84114161993138,231.43475828,43.44688721,1.798,3.03,0.19,0.0,5.18,231.43476,43.44689,0.0110041429443618,1.1136561812426087,5.21208084,10.708848741541427
spec-1060-52636-0139,0.07508809,10.159,9.880415923394157,-0.224834244636807,0.0034277542625715,85.56575490727596,118.19454766,28.80777887,1.425,2.57,0.67,0.0,1.9,118.19455,28.80778,0.0084281980720634,0.8103453250771835,7.378100999999999,10.417588478039018
spec-1060-52636-0634,0.07139117,10.34,10.1227680476638,0.032641075126912,-0.309146711973672,100.8844071194824,119.58473717,29.6609455,1.362,2.77,0.79,0.0,3.26,119.58474,29.66095,0.0184612189858217,0.7906445920577936,6.41706516,10.521886270241314
spec-1163-52669-0370,0.0805065,10.247,9.933006768020912,-0.3734321388773938,-0.259821830947832,95.39359776090704,220.9255223,55.526698,1.52,2.19,0.48,0.0,4.96,220.92552,55.5267,0.008590972774069,0.8684665799778243,5.341138559999999,10.33231018221002
spec-1171-52753-0199,0.06057047,10.449,10.079335319894389,-0.0947323885174419,-0.0753507124238805,105.614679592754,244.90609095,40.97031672,1.17,2.6,0.72,0.0,3.46,244.90609,40.97032,0.0120870582007185,0.8010113725297354,6.283255559999999,10.530685981068618
spec-1185-52642-0308,0.08679889,10.835,9.957992117684093,0.2854972382622698,0.186814545639364,139.36288698338043,124.80905362,4.16779156,1.626,6.28,0.23,0.0,6.67,124.80905,4.16779,0.0141589341661281,1.059452598972988,4.39941249,11.121170781795593
spec-1186-52646-0214,0.07595409,10.84,10.027149134060029,-0.0352880292293032,0.0498994840171094,131.59583229749413,128.40173916,3.74152016,1.441,5.5,0.22,0.0,6.34,128.40174,3.74152,0.0030720370473666,1.0721232014342572,4.570173959999999,11.035465040927734
spec-1197-52668-0224,0.05833292,10.575,10.124030347616731,0.1441445947285383,0.0941796178942584,124.591799286253,127.19118224,34.95667758,1.129,2.74,0.36,0.0,5.08,127.19118,34.95668,0.0109352476174852,0.9359655037331305,5.270454239999999,10.688278022848866
spec-1212-52703-0034,0.06095325,10.576,10.114928693660396,0.0476602260340819,-0.104310886694992,118.94577990044232,138.4485528,36.06813117,1.176,3.94,0.19,0.0,5.6,138.44855,36.06813,0.0091721450285182,1.1136561812426087,4.972176,10.855932578247083
spec-1216-52709-0200,0.08155414,10.696,10.145078181226458,0.1628104084053091,0.146149472449484,128.41322860071304,147.22588291,40.61799986,1.537,4.08,0.06,0.0,6.15,147.22588,40.618,0.0079679399281184,1.3756720529905118,4.6708722499999995,11.002233252647386
spec-1225-52760-0330,0.07898937,10.467,10.147119759564244,0.0871986894110802,0.347200817729483,117.20789414533908,175.01807655,10.93895963,1.493,2.59,0.4,0.0,4.28,175.01808,10.93896,0.0122668596415939,0.9096926026564097,5.754793439999999,10.636578548450967
spec-1226-52734-0493,0.08815582,10.427,10.150889738721764,-0.1092671537448188,-0.362115051523095,120.79988974272366,176.87677716,10.18476144,1.648,3.0,0.43,0.0,6.09,176.87678,10.18476,0.0113197065039353,0.8926404490652192,4.703033209999999,10.630749593625866
spec-1229-52723-0114,0.06368094,10.623,9.996292528101344,-0.1969178850854222,-0.0114983594126428,115.70236636753124,182.72359522,9.63053931,1.226,2.77,0.16,0.0,6.92,182.72359,9.63054,0.018692941885567,1.1611135454678942,4.273542239999999,10.631267599240699
spec-1229-52723-0118,0.08000079,10.402,9.94443863342972,0.1657556866871714,0.0463154737147016,105.45741589420436,182.66550448,9.80800821,1.51,2.06,0.18,0.0,5.78,182.6655,9.80801,0.017149038832668,1.128773370680186,4.871962439999999,10.466772812731925
spec-1232-52731-0418,0.08553402,10.419,10.100566876967614,0.1353601223773548,-0.0131082262236465,130.2907642759699,187.65859391,10.86889045,1.604,2.92,0.24,0.0,6.91,187.65859,10.86889,0.0139180957130461,1.047323184938283,4.278519209999999,10.713024973808556
spec-1235-52734-0330,0.02983647,10.661,9.94818971141964,0.1841696607310529,0.0564541951744915,125.36111595436452,147.37207486,8.25033165,0.598,3.07,0.34,0.0,5.54,147.37207,8.25033,0.0183054709640063,0.9508320982325946,5.005927559999999,10.727493124572936
spec-1238-52761-0251,0.08519346,10.583,10.134208686592036,0.1783447567802799,0.0793728873045769,132.07936561703173,154.84077182,8.11176088,1.599,3.26,0.66,0.0,4.11,154.84077,8.11176,0.0072187392630689,0.8124406952084483,5.86168961,10.799142690736081
spec-1240-52734-0585,0.07794288,10.996,9.963498475683506,0.2805370430121703,-0.0677096561412895,153.73606476585024,160.7275675,9.27864171,1.474,5.02,0.39,0.0,5.94,160.72757,9.27864,0.0108069689104119,0.9158595133204178,4.784194759999999,11.082333604399397
spec-1267-52932-0488,0.09050094,10.66,10.15542098732501,0.1665717126083596,0.0534891995715105,118.64999248200928,126.88909485,28.28211097,1.687,2.49,0.07,0.0,3.46,126.88909,28.28211,0.0157672692261875,1.3494421058143873,6.283255559999999,10.83951441352191
spec-1267-52932-0618,0.06582589,10.975,9.876416631548858,0.1428370531283707,-0.0147849778969695,158.9044373579188,127.70927936,28.57682849,1.263,3.46,0.32,0.0,5.55,127.70928,28.57683,0.0058003374211545,0.9669974820474221,5.000290249999999,10.992209361344159
spec-1282-52759-0619,0.09981589,10.695,10.0637088569822,0.0148530640576589,-0.211762187383835,123.81142223955844,201.88999225,49.67045285,1.841,4.4,0.38,0.0,4.35,201.88999,49.67045,0.0115216350993519,0.9222860468299282,5.711182249999999,10.9170064139139
spec-1283-52762-0303,0.07528871,10.281,10.05792594433542,0.0048822265902781,0.777658448602994,98.27028557687132,201.99885803,47.75467646,1.428,3.63,0.45,0.0,6.66,201.99886,47.75468,0.0136067383621214,0.8823790877462955,4.404509959999999,10.500744519621007
spec-1311-52765-0558,0.09018455,10.658,9.97287220414452,0.0005875825851346939,0.219284037193289,116.18721544861332,177.32181324,57.2538026,1.683,4.17,0.62,0.0,3.16,177.32181,57.2538,0.0112878942334362,0.8216932330693044,6.484692959999999,10.843492525222864
spec-1313-52790-0132,0.06674223,10.426,10.156701171168043,0.1370819525625746,0.211761276428391,105.92727469578246,179.86914519,56.16402545,1.279,3.07,0.73,0.0,3.68,179.86914,56.16403,0.019404605994799,0.7993527728767938,6.138291839999999,10.59438064688261
spec-1324-53088-0086,0.07800414,10.368,9.824680992825236,-0.0132203896655833,,102.03634058899928,212.23628139,53.29981124,1.476,2.73,0.49,0.0,4.8,212.23628,53.29981,0.0053731333870095,0.8641911456966372,5.436464,10.492039380477179
spec-1327-52781-0236,0.08533917,10.669,10.137956732339108,0.0870187851225806,0.0554486438082354,120.84040818387606,218.4355477,51.97492297,1.601,3.41,0.23,0.0,5.03,218.43555,51.97492,0.0118462776923749,1.059452598972988,5.29982169,10.812962190174021
spec-1330-52822-0554,0.06169496,10.151,10.086413715941534,0.0946640339798026,0.0867396146805073,85.58635773246925,229.52197897,48.83852214,1.19,2.38,0.4,0.0,5.06,229.52198,48.83852,0.0080813286293144,0.9096926026564097,5.28218676,10.289535116937861
spec-1331-52766-0372,0.02662442,10.483,9.995842593175956,0.0673788067165102,-0.0545186023245532,113.88854523800326,230.34265132,48.41580053,0.536,2.66,0.76,0.0,3.34,230.34265,48.4158,0.0036862124659047,0.7947461271650121,6.36330996,10.608193881425748
spec-1331-52766-0374,0.07307412,10.276,10.12573365455227,-0.0037918174214373,0.217610339663313,97.7893795888574,230.40852927,48.75793114,1.39,2.67,0.6,0.0,3.84,230.40853,48.75793,0.0044546972967563,0.8268941874213698,6.03432896,10.47161421913391
spec-1331-52766-0482,0.07481105,10.37,10.05429349794654,-0.0966257491703698,-0.0882178602636741,103.9385757453282,231.38791785,47.96128324,1.421,3.11,0.49,0.0,4.98,231.38792,47.96128,0.0127636960079562,0.8641911456966372,5.32930964,10.556035333404415
spec-1341-52786-0602,0.06895489,10.284,9.989917080305512,-0.0353111625877232,0.110972832240634,109.85069133435614,251.85073445,32.35362683,1.318,2.35,0.81,0.0,3.17,251.85073,32.35363,0.0177024827872274,0.7881627066638371,6.477908489999999,10.527164796525927
spec-1345-52814-0099,0.09493207,10.605,9.952221717438848,-0.0882338471705037,0.182681281576406,137.52688913055792,207.24676518,42.3057598,1.761,3.21,0.44,0.0,4.86,207.24676,42.30576,0.0138101605447311,0.8874053975750458,5.400572359999999,10.83028278147476
spec-1354-52814-0608,0.07793959,10.631,9.9510608480561,0.0579658641356765,0.0235864111281922,114.18112653847624,231.95798377,35.33614672,1.475,3.87,0.4,0.0,6.63,231.95798,35.33615,0.0161867452675517,0.9096926026564097,4.419831289999999,10.67364062252138
spec-1356-53033-0176,0.06529371,10.286,10.148296600635309,-0.2248495284034395,-0.268573139970664,115.69465790359874,151.26903155,39.59962133,1.254,2.66,0.46,-0.08181808336267296,5.84,151.26903,39.59962,0.0064351019025781,0.8775527169786937,4.838904959999999,10.545969211706272
spec-1360-53033-0190,0.09269021,10.837,10.13570057593527,0.1562878282888368,0.046135197617899,170.9383119507744,157.59698106,41.10053252,1.724,3.37,0.4,0.0,4.69,157.59698,41.10053,0.0095168331640819,0.9096926026564097,5.502716009999999,11.059221140795001
spec-1369-53089-0628,0.06633438,10.979,10.116848580095327,0.2855253752115627,0.149006371661721,137.34668605985928,181.77445073,45.93058926,1.272,5.27,0.22,0.0,4.42,181.77445,45.93059,0.0032307794095832,1.0721232014342572,5.66780724,11.147547406661511
spec-1371-52821-0494,0.06353521,10.409,10.007239637862895,-0.1452923248122155,0.123044069465508,111.69103092344584,186.25600845,45.44092015,1.223,2.42,0.71,0.0,1.84,186.25601,45.44092,0.0039522397996716,0.8027356868192035,7.422552959999999,10.621418495768706
spec-1375-53084-0499,0.09165212,10.503,10.163353451689211,0.0358295978085622,0.118945210842592,112.33277064398706,198.55606868,44.77921128,1.707,2.87,0.2,0.0,3.83,198.55607,44.77921,0.0057106420677165,1.0991960685470887,6.04079049,10.747504433206256
spec-1377-53050-0592,0.09596011,10.448,10.033651302049526,-0.0437742672866264,-0.087256923195705,100.7934916010058,207.5223404,40.58827818,1.778,2.46,0.36,0.0,5.66,207.52234,40.58828,0.0066426303995813,0.9359655037331305,4.938597959999999,10.429104257226756
spec-1384-53121-0316,0.07890987,10.363,9.700303481174982,0.1565841988934611,-0.214951297310484,99.855696771336,223.2670268,35.02131305,1.491,2.59,0.77,0.0,3.68,223.26703,35.02131,0.0144763263283184,0.7933257557248411,6.138291839999999,10.465985198893378
spec-1391-52817-0318,0.07383419,10.542,10.110394793383117,-0.0265292409862638,-0.333829288321503,117.10737590801544,237.67607726,28.27553931,1.403,2.6,0.47,0.0,4.7,237.67608,28.27554,0.0090351892464462,0.8729178863405056,5.496669,10.599655479945413
spec-1392-52822-0197,0.09761032,10.645,10.098106392807455,0.1112673223212855,-0.132556846870873,132.9760211976146,239.73589691,27.30652473,1.805,2.9,0.74,0.0,3.8,239.7359,27.30652,0.0196889331992135,0.7977573226358899,6.060203999999999,10.760743364398426
spec-1394-53108-0192,0.0899595,10.539,9.724864122613376,-0.0566164925819577,0.148123643461896,114.77139012417118,213.57371624,43.59987131,1.679,2.51,0.76,0.0,3.91,213.57372,43.59987,0.0108778640180207,0.7947461271650121,5.989233209999999,10.563381304678432
spec-1407-52886-0071,0.06026178,10.741,10.03630345626008,0.1759595409921745,0.0764696764496783,138.57110686090223,246.10593897,28.62500268,1.165,3.24,0.58,-0.03327400659299835,4.52,246.10594,28.625,0.0101822166504109,0.8325219696942819,5.60625264,10.829399405226665
spec-1417-53141-0432,0.09279097,10.506,10.123414089924465,0.0849391533977504,0.293035270716306,119.30828843582064,238.04498582,35.71396371,1.725,4.34,0.17,0.0,7.32,238.04499,35.71396,0.0181015062386178,1.1445808046337596,4.07841584,10.826409578659117
spec-1418-53142-0462,0.09027417,10.553,9.938275959356847,-0.0101099592518029,0.273178181680589,111.57675077016351,240.12325834,34.37456882,1.684,3.73,0.29,0.0,4.18,240.12326,34.37457,0.0065095191533773,0.993954349345031,5.817504839999999,10.795400098926075
spec-1420-53146-0088,0.09765925,10.805,10.042568025011509,0.110341360373067,0.394986147426273,159.06477969125078,245.1301189,29.85763602,1.806,2.96,0.53,0.0,4.9,245.13012,29.85764,0.0147338548495317,0.8487068161348575,5.376740999999999,10.90015722966803
spec-1436-53054-0064,0.02200824,10.4,10.08583398505113,0.1477857627830959,-0.0101097310778749,108.10676249653368,166.11427648,45.12857161,0.445,2.34,0.63,0.0,4.16,166.11428,45.12857,0.0106547205838023,0.8192422451676569,5.830104959999999,10.482450948287694
spec-1441-53083-0186,0.02442783,10.475,9.990364117389792,0.0954265527813057,0.0056385319769814,105.5644069345564,170.35499479,46.28921651,0.494,2.6,0.4,0.0,3.4,170.35499,46.28922,0.0173159837937405,0.9096926026564097,6.323195999999999,10.588280334392776
spec-1446-53080-0502,0.07426213,10.779,9.979062969326632,0.1073133626961029,-0.113512947343653,134.80151609162874,179.20197435,48.03156261,1.411,2.88,0.23,0.0,2.95,179.20197,48.03156,0.0140695140819044,1.059452598972988,6.6282802499999995,10.931705089391965
spec-1456-53115-0381,0.09506686,10.777,10.037232174085656,0.2641451491614202,0.226785069587556,140.41270910553754,190.9796101,43.24910964,1.764,3.58,0.47,0.0,5.37,190.97961,43.24911,0.0013222609464785,0.8729178863405056,5.10249929,10.86389286439709
spec-1458-53119-0373,0.07143234,10.657,9.750255503471973,-0.19511476172568,0.342010464116885,119.68141872873548,194.01275586,42.29577837,1.362,2.73,0.21,0.0,4.62,194.01276,42.29578,0.0124886518645398,1.0853616458827038,5.545180039999999,10.738146881555409
spec-1460-53138-0231,0.05287855,10.731,10.092718179687306,0.2716269325633139,0.106439119615985,135.63458412021123,197.93953959,40.90775728,1.031,2.7,0.14,0.0,5.51,197.93954,40.90776,0.0098553348215913,1.1965054072410661,5.022868409999999,10.84141176565129
spec-1464-53091-0236,0.05459462,11.085,9.988043396677572,0.1222768564717776,-0.0398845208175051,181.42785710448905,202.65878035,40.89871659,1.062,4.75,0.23,0.0,6.16,202.65878,40.89872,0.012312888766647,1.059452598972988,4.66552896,11.254524626988319
spec-1464-53091-0362,0.07590184,10.232,10.129290554063273,0.0056319020021248,,91.51017615342612,202.67460016,41.67946899,1.44,2.18,0.38,0.0,2.96,202.6746,41.67947,0.0036613616258406,0.9222860468299282,6.62139456,10.41365103736143
spec-1465-53082-0282,0.09170289,10.447,10.13559071174203,0.0099875767610816,-0.0764402315037859,109.98696915967038,203.96082476,44.98237967,1.708,2.67,0.22,0.0,4.97,203.96082,44.98238,0.0121787887520039,1.0721232014342572,5.335221689999999,10.633031550262025
spec-1568-53169-0402,0.08153201,10.502,10.16066134867283,0.2264068824376299,0.464106330377056,104.42541927185786,253.0897847,20.529902,1.537,3.7,0.23,0.0,6.84,253.08978,20.5299,0.0174045013532885,1.059452598972988,4.31349296,10.63216545870716
spec-1587-52964-0085,0.08320489,11.175,10.0175466677664,0.3602459390253766,-0.000160811563596111,206.2901021245925,129.80734994,27.075723,1.565,4.1,0.23,0.0,6.34,129.80735,27.07572,0.0108017123586536,1.059452598972988,4.570173959999999,11.293195555675913
spec-1589-52972-0069,0.08585783,10.489,10.054791966802052,0.2758173235191242,-0.0513920793132255,109.99617764464531,133.45426139,28.79617424,1.609,3.56,0.58,0.0,5.06,133.45426,28.79617,0.0158814253712871,0.8325219696942819,5.28218676,10.643855295900982
spec-1590-52974-0380,0.08532138,10.705,10.012711181903509,0.2429872859621759,0.184899841732394,121.11030186117443,134.17460949,30.68068078,1.601,4.6,0.33,0.0,5.96,134.17461,30.68068,0.0032215089763465,0.9587450189793348,4.77331056,10.856083471843093
spec-1599-53089-0327,0.05941917,10.47,10.04163963392724,-0.0370985268839625,-0.0404686560752241,109.37391279400276,156.67369375,11.97370245,1.149,3.12,0.43,0.0,5.57,156.67369,11.9737,0.0158807500251175,0.8926404490652192,4.98903009,10.587115433028927
spec-1602-53117-0217,0.08626598,10.375,10.145455837656858,-0.1108706048472285,-0.178969912632693,100.28163624844176,163.18647,10.73151545,1.616,2.78,0.53,0.0,1.87,163.18647,10.73152,0.0163799999972115,0.8487068161348575,7.4003052899999995,10.610935600504813
spec-1605-53062-0048,0.09904276,10.591,10.08951784321012,0.0705992569318517,-0.0237946160214319,123.90018759555328,170.58316955,11.09200042,1.829,3.85,0.22,0.0,6.31,170.58317,11.092,0.0021939484172064,1.0721232014342572,4.58595801,10.829720080912246
spec-1607-53083-0528,0.09791386,10.744,10.096924323952612,0.1533283842717439,0.278102228981172,150.6256845958176,174.49421273,13.15356965,1.81,3.77,0.53,0.0,3.86,174.49421,13.15357,0.0096527379219776,0.8487068161348575,6.02142036,11.0070367096833
spec-1608-53138-0508,0.08237752,10.335,10.116879044291728,0.0095844490811552,-0.426377112163015,101.37736243065928,176.14901553,12.70620709,1.55,2.63,0.59,0.0,3.95,176.14902,12.70621,0.0188724990094782,0.8296525174182051,5.963570249999999,10.492680954125488
spec-1611-53147-0136,0.06215617,10.758,10.128873644799272,0.2103622417991948,0.0793851017314477,142.62364215256014,181.2403783,11.49224789,1.198,3.25,0.53,0.0,4.2,181.24038,11.49225,0.0096781647643472,0.8487068161348575,5.804924,10.879261289842553
spec-1613-53115-0414,0.0938509,10.884,10.118095315423258,0.2419162924771974,0.0317609163160173,155.19376108324946,183.91997887,13.67425588,1.743,3.89,0.23,0.0,5.56,183.91998,13.67426,0.0153496585117491,1.059452598972988,4.994657759999999,11.061726038854038
spec-1618-53116-0170,0.08324043,10.593,10.077620269870096,0.2535651201516456,-0.0386445876841229,129.62870726232774,172.30037224,7.09595307,1.566,3.3,0.34,0.0,5.61,172.30037,7.09595,0.0136448698559736,0.9508320982325946,4.966567609999999,10.78451716110805
spec-1627-53473-0291,0.07572938,10.648,9.862724954036633,0.2913307363818764,0.0681471948926636,117.64053899921508,186.58039115,6.66722764,1.437,4.22,0.18,0.0,6.93,186.58039,6.66723,0.009438780491225,1.128773370680186,4.268570089999999,10.815756289583978
spec-1647-53531-0390,0.08660239,10.641,9.984962309779904,0.1620719135003872,0.0235820578465235,119.72289443510095,222.69625667,33.86903707,1.622,3.53,0.49,0.0,3.37,222.69626,33.86904,0.0145030485903498,0.8641911456966372,6.343231289999999,10.809490135636649
spec-1649-53149-0171,0.07107253,11.381,9.813611577202236,0.3912889082853485,0.115012840042209,175.59791995372444,228.63270449,31.03095364,1.356,6.28,0.3,0.0,3.94,228.6327,31.03095,0.0190672015060014,0.984585082448575,5.96997876,11.422665070592963
spec-1650-53174-0440,0.07979029,10.564,9.988210356615934,-0.1618933898198533,-0.154584448040748,109.85568757052164,230.19043415,30.49496656,1.507,4.5,0.18,0.0,4.91,230.19043,30.49497,0.0178630352021442,1.128773370680186,5.370795209999999,10.883943610267234
spec-1659-53224-0202,0.05535776,10.65,10.10602413484956,0.0439417402495445,-0.151850098313096,117.98309056592512,248.50154432,20.1322975,1.076,2.84,0.07,0.0,6.2,248.50154,20.1323,0.0171526073590408,1.3494421058143873,4.644203999999999,10.760464077015545
spec-1673-53462-0052,0.07520588,10.44,9.990225286702456,0.1750152211042502,0.0871382485144978,102.40022827437916,218.01202436,47.08835949,1.428,2.58,0.27,0.0,3.9,218.01202,47.08836,0.0108434947869711,1.013935990115002,5.995660999999999,10.582509818903604
spec-1682-53173-0194,0.06826315,10.234,10.15576602232678,-0.3539195216323884,-0.314217766763085,116.13460804145028,240.5537367,35.78015769,1.308,5.08,0.4,0.0,3.19,240.55374,35.78016,0.0127296463641008,0.9096926026564097,6.464354009999999,10.971647479431379
spec-1694-53472-0280,0.07350591,11.087,10.068380188833949,0.1795674417900314,0.336984747774318,180.0091955252593,190.54660698,12.02355904,1.398,3.94,0.46,0.0,3.38,190.54661,12.02356,0.0111810129805175,0.8775527169786937,6.336548039999999,11.217652205896613
spec-1700-53502-0090,0.09156919,10.833,10.073960325011768,0.1123549474586924,0.12305317786668,126.72241144849734,204.96002715,10.90430156,1.705,4.03,0.26,0.0,4.3,204.96003,10.9043,0.0115342991830271,1.024588205031141,5.742309,10.947088469247694
spec-1709-53533-0068,0.05359454,10.251,10.119175030820696,-0.3171080438489346,-0.26054354585539,92.81314901661128,218.65282694,10.20348935,1.043,2.55,0.19,0.0,7.99,218.65283,10.20349,0.0110914287483318,1.1136561812426087,3.7688564099999997,10.331160574796689
spec-1713-53827-0585,0.08000716,10.611,9.953013314474422,0.1134520181834188,-0.0643229573171408,131.74391770832446,223.22900398,10.08521176,1.511,3.19,0.81,0.0,3.84,223.229,10.08521,0.0154641950824225,0.7881627066638371,6.03432896,10.78693734976428
spec-1720-53854-0285,0.0856401,10.749,9.651121735479077,0.2367936871496081,0.0465388865360236,121.73805294770597,229.24783864,9.63373656,1.606,5.5,0.33,0.0,7.99,229.24784,9.63374,0.013291461542409,0.9587450189793348,3.7688564099999997,10.835568759689643
spec-1725-54266-0341,0.09964418,10.663,10.155880873707703,0.1656525920836478,0.0568424843579422,136.60532367307067,234.18097375,9.7628137,1.839,2.91,0.13,0.0,5.94,234.18097,9.76281,0.0188263642558164,1.2154452617527902,4.784194759999999,10.865813149357718
spec-1726-53137-0386,0.04171704,10.247,10.050612968479989,-0.1655544903789294,0.19716438274522,92.60311887858684,237.06819821,9.11592741,0.824,2.14,0.42,0.0,4.0,237.0682,9.11593,0.0112880377675413,0.898093470327658,5.9315999999999995,10.356599051751239
spec-1726-53137-0404,0.07228549,10.787,9.98687615789092,0.2110949010346513,-0.129438338315432,134.90885075351986,237.75089187,9.57155626,1.377,5.08,0.24,0.0,7.98,237.75089,9.57156,0.0150115316180963,1.047323184938283,3.7733176399999993,10.929189336392223
spec-1728-53228-0044,0.07242896,10.641,10.07541744005958,0.1337380777539732,0.0359573168010473,122.79520655311777,241.13696966,8.22468818,1.379,3.59,0.59,0.0,3.08,241.13697,8.22469,0.0066630488430105,0.8296525174182051,6.539142239999999,10.834314951190866
spec-1748-53112-0381,0.08535343,10.545,10.147891830304957,0.086562770705576,-0.0416939483645401,120.30369509437958,158.49221911,13.91635283,1.601,3.82,0.46,0.0,5.1,158.49222,13.91635,0.0106520969466284,0.8775527169786937,5.258741,10.773216948485862
spec-1755-53386-0295,0.08125225,10.602,9.886201161694393,0.2350618260743867,-0.474928314859958,114.73849833073098,173.35505351,13.95557238,1.531,3.67,0.35,0.0,5.88,173.35505,13.95557,0.0149596915038874,0.9432436911467813,4.81696304,10.707922265781978
spec-1755-53386-0619,0.08427683,10.554,10.1302522027239,0.1760439543669169,0.310310151906138,125.967965761736,175.14440916,15.75824435,1.583,3.22,0.06,0.0,7.71,175.14441,15.75824,0.0159281422800751,1.3756720529905118,3.8955928099999997,10.803905229093724
spec-1756-53080-0465,0.09946843,10.5,9.747113579466328,0.2552871332602246,0.0761431372623389,119.9952385315996,122.02804696,7.2875827,1.836,3.37,0.5,0.0,5.29,122.02805,7.28758,0.014571284052165,0.8600842766443919,5.14842681,10.698614134229368
spec-1758-53084-0212,0.09855942,10.826,9.879142138700615,0.0045805951527232,0.0035029871110494,135.20041234569337,126.21034837,7.56061477,1.821,3.86,0.15,0.0,5.2,126.21035,7.56061,0.0181304963444731,1.1784086715660769,5.200463999999999,11.002322016099614
spec-1764-53467-0474,0.07892759,10.409,10.072618836613392,-0.1233595674850089,-0.205673922896603,101.40926768563727,181.2005841,14.88325872,1.493,2.48,0.41,0.0,5.25,181.20058,14.88326,0.0149906214107701,0.9037741381612935,5.171506249999999,10.442724592518152
spec-1767-53436-0281,0.08440923,10.346,10.12377725897807,0.0446753883862959,-0.394932451682343,97.43971755433114,185.40996013,13.8024579,1.585,2.02,0.51,0.0,2.19,185.40996,13.80246,0.0075736488881483,0.8561389940226636,7.16569601,10.437066715564466
spec-1772-53089-0454,0.08467548,10.465,10.049565914001256,-0.0253063506078444,0.10005999064631,102.12990413714806,196.99262492,15.59233638,1.59,2.56,0.18,0.0,3.49,196.99262,15.59234,0.0214681741110763,1.128773370680186,6.263350409999999,10.642399933648273
spec-1778-53883-0139,0.09958953,10.466,9.90180415906731,0.3156134141268883,0.183128737761177,104.33018788591411,209.20039727,13.07880648,1.838,3.3,0.67,0.0,7.46,209.2004,13.07881,0.015881531523363,0.8103453250771835,4.01194356,10.433799519688598
spec-1785-54439-0180,0.09287515,10.666,9.864165700483522,0.024630948262828,-0.0907122677514109,138.22059660770432,133.73683673,59.31606332,1.727,2.74,0.42,0.0,4.31,133.73684,59.31606,0.0133767573729862,0.898093470327658,5.736074009999999,10.797273029335907
spec-1790-53876-0148,0.08837409,10.951,9.815059425472452,0.2075848577393946,0.143333597481274,155.07122549359673,191.78286186,7.24121248,1.652,4.84,0.46,0.0,5.17,191.78286,7.24121,0.0111280387859813,0.8775527169786937,5.217896489999999,11.093117129506435
spec-1791-54266-0248,0.04579544,10.061,10.125449656797892,0.101807992759296,-0.0735398550150328,83.99566611936748,192.67549376,8.90893666,0.9,2.82,0.55,0.0,5.98,192.67549,8.90894,0.0179834819712424,0.8418447448145492,4.762445639999999,10.268265557269114
spec-1794-54504-0530,0.09146882,10.5,10.138807478601496,-0.0985818405291602,0.112847428017877,134.1262407086962,195.8835098,8.31992136,1.704,2.69,0.52,0.0,5.05,195.88351,8.31992,0.0049475611831633,0.8523486307670756,5.28806025,10.705134102296642
spec-1797-54507-0159,0.04769999,10.432,10.140067510504512,0.0601653042898943,-0.0347031802465219,108.325411287195,199.1707859,7.10375385,0.935,2.39,0.71,0.0,2.75,199.17079,7.10375,0.0201649552337337,0.8027356868192035,6.76700625,10.549268397506898
spec-1802-53885-0622,0.08313098,10.767,10.06155495075318,0.1854038955584065,-0.0629216522538602,153.91741814120832,205.05838804,9.97892523,1.564,3.34,0.55,0.0,3.71,205.05839,9.97892,0.0200695219700344,0.8418447448145492,6.11870481,10.976654168253688
spec-1815-53884-0506,0.0879994,11.001,9.768611014596198,0.3211165895392593,0.147675332801806,165.8787225906841,225.88943574,7.81123974,1.646,5.99,0.26,0.0,8.0,225.88944,7.81124,0.0152225039002927,1.024588205031141,3.7643999999999993,11.169693958755905
spec-1826-53499-0339,0.08081232,10.684,9.992775077895011,-0.0969906918810483,-0.103513674837907,118.3218828658806,214.01641768,7.19697482,1.521,4.25,0.43,-0.0008159345203196174,5.66,214.01642,7.19697,0.0192289617593488,0.8926404490652192,4.938597959999999,10.785239964378555
spec-1829-53494-0600,0.09687752,10.847,9.901829760096696,0.196466869304279,-0.0943971296149959,150.53481846389593,222.2411136,6.28954061,1.794,4.7,0.12,0.0,8.0,222.24111,6.28954,0.0130678295694438,1.2352721781068696,3.7643999999999993,11.06127086407534
spec-1833-54561-0500,0.0806134,10.401,10.070358046772055,-0.0062001703723275,0.0083079315505186,107.52645037698558,228.41084031,5.53425923,1.521,2.42,0.5,0.0,4.17,228.41084,5.53426,0.0029862779694017,0.8600842766443919,5.8238024899999985,10.513034285711052
spec-1833-54561-0519,0.03261517,10.684,10.012422338310662,0.1747093242376791,0.0379604011884948,125.11077392197907,228.76017601,6.58954867,0.652,3.82,0.38,0.0,5.21,228.76018,6.58955,0.0150509921298568,0.9222860468299282,5.19466281,10.8235164398716
spec-1842-53501-0479,0.07078802,10.784,10.061387625393625,0.1806209300261066,0.137989666788382,137.2900472433619,220.99611722,32.06205092,1.351,3.44,0.55,0.0,3.75,220.99612,32.06205,0.0091052441986098,0.8418447448145492,6.092656249999999,10.88831588752416
spec-1843-53816-0523,0.08462004,10.784,10.05885202715011,0.219274917132895,0.146996578388866,133.3907954640536,223.75145316,31.68139548,1.589,2.99,0.34,0.0,3.41,223.75145,31.6814,0.0189339706141159,0.9508320982325946,6.316527209999999,10.870945773829863
spec-1844-54138-0288,0.09558203,10.596,10.138083731658924,0.2865142371799316,0.213298115834094,131.7884363174793,224.3905548,29.6372701,1.772,3.05,0.5,0.0,4.24,224.39055,29.63727,0.0150236309279329,0.8600842766443919,5.779820159999999,10.786950438386384
spec-1871-53384-0021,0.08186382,10.667,9.971338538946632,0.0993691715474515,-0.0393891793059277,125.23296534388918,124.23600024,54.44696696,1.542,3.51,0.25,0.0,5.3,124.236,54.44697,0.0109555246360736,1.035709701476211,5.142669,10.833611716765775
spec-1879-54478-0038,0.08818945,10.654,9.97908624473334,-0.0892866018822422,-0.0288948846534298,119.12888289437136,152.90792881,68.35675948,1.65,2.37,0.15,0.0,3.56,152.90793,68.35676,0.0024496827888523,1.1784086715660769,6.217073759999999,10.75810508930063
spec-1922-53315-0554,0.06366251,10.448,9.978232889312697,-0.1128199516099746,-0.11097684764226,107.7467266397548,121.32943873,20.13136723,1.226,2.91,0.72,0.0,1.71,121.32944,20.13137,0.0108566969578607,0.8010113725297354,7.519460809999999,10.674967196618713
spec-1923-53319-0029,0.07957724,10.444,10.09581103942256,-0.0565113030523025,-0.178719460439146,120.83499325112442,122.17799957,18.43135609,1.504,3.07,0.22,0.0,6.87,122.178,18.43136,0.0141524040255641,1.0721232014342572,4.298475289999999,10.68152360392419
spec-1935-53387-0252,0.09602404,10.409,10.14540320358728,-0.1244223524865369,-0.351386036967,124.06737026980947,135.62680668,26.08669763,1.779,2.93,0.55,0.0,5.92,135.62681,26.0867,0.0137121608700496,0.8418447448145492,4.79509824,10.626652943909628
spec-1938-53379-0441,0.08615471,11.111,9.917420314881262,0.2029041679865545,0.0434087064393279,163.2853525035519,140.2824245,31.81097265,1.615,4.84,0.2,0.0,4.92,140.28242,31.81097,0.0167490778722844,1.0991960685470887,5.36485424,11.247813566336582
spec-1956-53437-0226,0.08044683,10.735,10.141876868438288,0.1756778303048247,0.21791455079153,142.11724654184252,154.45034751,30.06334429,1.518,6.17,0.28,0.0,7.48,154.45035,30.06334,0.017283087911278,1.0037315179050041,4.002524639999999,11.065970964089376
spec-1958-53385-0032,0.08522677,10.666,10.009312914478873,0.1739693608827647,0.011246286041867,134.75480401557192,157.87684008,33.26523394,1.599,3.68,0.78,0.0,4.39,157.87684,33.26523,0.0141860440002758,0.7919592728174347,5.68636761,10.844914767825484
spec-1958-53385-0550,0.09740562,10.889,9.94761775881109,0.2866102864427283,0.193037159527879,162.19009657973453,157.13809356,35.02628267,1.802,3.0,0.23,0.0,4.1,157.13809,35.02628,0.0142314104204372,1.059452598972988,5.868021,11.05718376471603
spec-1959-53440-0126,0.09642324,10.556,10.101261748038254,0.2991126948432546,0.270780539148755,114.86690901697474,157.75521663,31.1370178,1.785,2.95,0.39,0.0,6.66,157.75522,31.13702,0.0130597710584298,0.9158595133204178,4.404509959999999,10.562378997761856
spec-1980-53433-0429,0.07783339,10.285,10.157992319727466,0.0697387177419486,0.22793770380436,99.83843002353632,168.43915789,40.33209903,1.473,2.76,0.25,0.0,6.03,168.43916,40.3321,0.0067619277898275,1.035709701476211,4.7353676899999995,10.496536974099202
spec-2005-53472-0408,0.08089975,10.443,10.053936994094745,0.0174423537420619,-0.526106379128218,104.4216014750912,203.70676468,39.5282547,1.526,2.65,0.72,0.0,2.96,203.70676,39.52825,0.0213344227759946,0.8010113725297354,6.62139456,10.551855377892716
spec-2007-53474-0535,0.08283305,10.344,10.057560074591096,-0.1150790042958687,0.106327713646291,102.4663311040728,163.75905763,38.23332797,1.558,2.2,0.73,0.0,3.0,163.75906,38.23333,0.0099157350373528,0.7993527728767938,6.593899999999999,10.451906550671655
spec-2009-53904-0557,0.06233966,10.205,10.077732232895622,-0.1806800954431736,-0.0425789642025106,97.63369778690908,197.88585963,29.38591342,1.202,2.1,0.73,0.0,3.73,197.88586,29.38591,0.0123665830863846,0.7993527728767938,6.10567089,10.356331303002765
spec-2013-53818-0097,0.05927078,10.501,10.07495991255688,0.0508166134390991,-0.000137885006081057,128.8658450907881,186.37546824,31.58458808,1.146,2.87,0.42,0.0,4.49,186.37547,31.58459,0.0087697231955601,0.898093470327658,5.624668409999999,10.74801666763194
spec-2028-53818-0015,0.09330405,10.973,9.98005197863507,0.1520302175196063,-0.0852735205732529,153.8280030472466,207.7460904,33.72091943,1.735,5.0,0.21,0.0,4.71,207.74609,33.72092,0.0023759718823069,1.0853616458827038,5.49062681,11.214677860713003
spec-2032-53815-0221,0.09714364,10.832,9.92835631542772,-0.2259338903260732,0.0223717194310887,127.50496015642366,198.13652729,37.05480441,1.798,4.29,0.28,0.0,4.7,198.13653,37.0548,0.017682395961475,1.0037315179050041,5.496669,10.95166925384505
spec-2032-53815-0418,0.07102712,10.318,10.13835235897372,-0.2537219197499016,0.181727830929034,103.51559775475518,198.28187176,38.66896467,1.355,2.52,0.49,0.0,4.96,198.28187,38.66896,0.0175247163209923,0.8641911456966372,5.341138559999999,10.462096441420545
spec-2083-53359-0298,0.09940636,10.652,10.125029085166052,0.0802003488453262,0.171507147570271,130.63244792116564,125.9498643,19.47208636,1.835,3.17,0.28,0.0,4.75,125.94986,19.47209,0.0196142125534785,1.0037315179050041,5.466506249999998,10.838929458152268
spec-2090-53463-0138,0.06430349,10.314,10.11493841343528,-0.2643888934821409,-0.0954108224055491,107.02091752187658,162.25162156,35.24920391,1.237,2.43,0.43,0.0,4.24,162.25162,35.2492,0.0148043223793439,0.8926404490652192,5.779820159999999,10.523575156702421
spec-2095-53474-0079,0.07170156,10.35,9.90772501181293,-0.212393740850207,0.271516678992138,116.94271416560902,181.64899404,32.20121919,1.367,2.89,0.46,0.0,6.8,181.64899,32.20122,0.0126476110876773,0.8775527169786937,4.333584,10.543405270772457
spec-2100-53713-0117,0.05911394,10.73,10.032013439675378,0.2983101953879497,0.197581599240849,122.8784239579672,172.16893443,33.48367257,1.143,5.23,0.24,0.0,7.0,172.16893,33.48367,0.0162026107713488,1.047323184938283,4.233899999999998,10.910714922867504
spec-2124-53770-0465,0.07619823,10.35,10.030858884843246,0.0273806090051513,0.332280160257154,102.02286432205948,211.6512457,24.99643195,1.445,2.35,0.2,0.0,3.48,211.65125,24.99643,0.0156883000584541,1.0991960685470887,6.269980639999999,10.593244908225733
spec-2129-54252-0052,0.08502537,10.417,10.130767703692328,0.1407296340284943,0.128723152053441,112.4801204212261,215.32346195,30.22975868,1.597,2.48,0.27,0.0,3.38,215.32346,30.22976,0.0077052104091447,1.013935990115002,6.336548039999999,10.670907151767567
spec-2146-54230-0564,0.06212089,10.359,10.109670092761128,-0.0658789017260272,0.0600567205461546,107.38395575192524,224.84734281,29.25474702,1.197,2.47,0.53,0.0,1.88,224.84734,29.25475,0.0138918689058472,0.8487068161348575,7.39289904,10.618588870257756
spec-2147-53491-0267,0.07957174,10.23,10.059678509558736,-0.0194309584670149,-0.490575434010006,93.75041876959726,160.97871171,8.49185735,1.502,2.25,0.32,0.0,5.01,160.97871,8.49186,0.0113173126324254,0.9669974820474221,5.311602409999999,10.373220508379026
spec-2149-54509-0144,0.09034864,10.623,9.791659793809227,-0.0504227041605644,0.267000280535202,130.52243208506323,225.00592512,24.49183118,1.685,2.88,0.54,0.0,5.76,225.00592,24.49183,0.0173030536879122,0.8452074611443647,4.883020159999999,10.67285529753301
spec-2158-54209-0530,0.0808432,10.742,10.075930359603072,0.2226260425448966,-0.148258996899104,134.46061300288983,230.28671045,24.32708892,1.525,3.47,0.33,0.0,3.01,230.28671,24.32709,0.0041587962320728,0.9587450189793348,6.587038409999999,10.964353620134922
spec-2159-54328-0206,0.08815841,10.423,10.158847167516546,-0.1169860235001959,-0.0322290117911502,101.21398673825114,230.5832639,19.2100516,1.65,2.12,0.23,0.0,3.49,230.58326,19.21005,0.0144553923417562,1.059452598972988,6.263350409999999,10.52514581958213
spec-2169-53556-0279,0.03314536,10.392,10.129026247073469,0.3824451724379841,0.119049417075956,144.85019045009224,235.89632116,22.74199294,0.662,2.94,0.3,0.0,5.81,235.89632,22.74199,0.011262941595101,0.984585082448575,4.855412009999999,10.836105466276809
spec-2170-53875-0156,0.07227155,10.526,9.97935713152379,-0.177917650486418,0.0080492145406991,109.34749593851072,238.65214552,17.60597335,1.377,3.44,0.17,0.0,7.88,238.65215,17.60597,0.0195386518975612,1.1445808046337596,3.81819504,10.62112134928427
spec-2203-53915-0125,0.08751047,10.525,10.138904418882843,0.104595581427366,-0.0267313800882383,119.8061769642672,247.72222455,13.41215644,1.639,2.51,0.65,0.0,2.41,247.72222,13.41216,0.0204479516427729,0.8146196502770222,7.007265209999999,10.679576233381034
spec-2206-53795-0244,0.09616341,10.599,10.067160720154714,0.0279350157053291,0.162356241369948,128.41727339476083,243.26353283,19.65555027,1.782,2.84,0.42,0.0,4.69,243.26353,19.65555,0.0096434740794667,0.898093470327658,5.502716009999999,10.73090452295522
spec-2213-53792-0061,0.03499309,10.492,10.127789746138804,0.1306854727885777,-0.0646643068632202,105.74711838451732,168.62144845,28.62436601,0.697,3.55,0.32,0.0,5.4,168.62145,28.62437,0.015176132025434,0.9669974820474221,5.085355999999999,10.65695279576485
spec-2215-53793-0072,0.04713187,10.818,9.954565856913232,0.1790044980335572,0.0111089474954298,139.7969588167344,170.19051488,28.840485,0.925,4.2,0.28,0.0,5.74,170.19051,28.84048,0.0236816481939062,1.0037315179050041,4.894097159999999,10.971975541430922
spec-2224-53815-0581,0.08236777,10.52,10.079228143199105,0.0092065688340175,0.14976937112134,110.22203006077444,179.97203404,30.08428446,1.551,3.56,0.43,0.0,4.7,179.97203,30.08428,0.0204002791740087,0.8926404490652192,5.496669,10.693203612021568
spec-2232-53827-0423,0.06020072,10.383,10.005735217350797,-0.1472200272403954,0.104026622899033,102.57753402426788,184.86484339,30.26846278,1.163,2.17,0.57,0.0,1.98,184.86484,30.26846,0.0145346927843965,0.8355072068666826,7.3191016399999995,10.511412876249068
spec-2233-53845-0433,0.08009259,10.919,10.127070372892073,0.1313203272199942,0.0633473861950507,158.33344560995562,185.00202807,27.66826093,1.512,4.37,0.75,0.0,3.4,185.00203,27.66826,0.0070053340533778,0.7962225610272257,6.323195999999999,11.10803854082765
spec-2243-53794-0132,0.07347642,11.138,9.716316013352468,-0.095266813096626,0.0255952476179226,165.9309145956648,198.65666927,26.12397397,1.398,5.44,0.19,0.0,6.52,198.65667,26.12397,0.0144854636687732,1.1136561812426087,4.47638064,11.23957230945694
spec-2243-53794-0427,0.05994648,10.669,10.049452094016225,0.3047137980520569,0.153465802691047,133.98457048767017,198.37559645,27.07690935,1.158,3.45,0.81,0.0,5.18,198.3756,27.07691,0.0116173694326041,0.7881627066638371,5.21208084,10.771996351564674
spec-2243-53794-0523,0.07472865,10.707,10.11451487272335,0.2026606330206275,0.0225703549817489,135.6273820569199,199.13457503,27.78980928,1.419,3.74,0.19,0.0,6.59,199.13457,27.78981,0.0162278358192333,1.1136561812426087,4.4403272099999995,10.898173121643254
spec-2264-53682-0169,0.04985861,10.418,10.000668883122378,0.0863563886319869,-0.175695101971035,121.42766516397596,118.87514671,13.91193687,0.974,2.58,0.79,0.0,3.52,118.87515,13.91194,0.0160977952936306,0.7906445920577936,6.24348864,10.64010428043814
spec-2266-53679-0354,0.08673012,10.709,10.10357412952988,0.1601578628110181,-0.17831891226046,135.83563307134415,119.12737643,15.20491982,1.624,3.49,0.61,0.0,2.61,119.12738,15.20492,0.0124190198495256,0.8242425168127028,6.865261609999999,10.928005608548164
spec-2287-53705-0464,0.07397623,10.928,10.037503523798756,0.2257858474849404,0.193598009842689,154.53836002624823,137.41009063,23.29905728,1.406,3.86,0.52,0.0,4.11,137.41009,23.29906,0.0100111121468211,0.8523486307670756,5.86168961,11.029740643732978
spec-2295-53734-0411,0.08626404,10.281,9.683413709804771,0.0739770864587261,0.128746899378057,91.32968631702217,146.74723746,23.19179038,1.616,2.26,0.81,0.0,2.81,146.74724,23.19179,0.0085156887805654,0.7881627066638371,6.725186009999999,10.366093208718825
spec-2297-53738-0584,0.08895592,10.418,10.134789078068026,-0.0481540863898125,-0.387271521046101,99.09594434809122,146.66853215,26.46214253,1.662,3.42,0.32,0.0,5.5,146.66853,26.46214,0.0114441124131632,0.9669974820474221,5.028524999999999,10.579444479373995
spec-2298-53737-0559,0.09782204,10.697,9.990326121093238,0.1748982775372401,-0.128735921901989,136.1440021716112,150.17452908,23.20946473,1.809,5.02,0.48,0.0,6.71,150.17453,23.20946,0.017297932835759,0.8684665799778243,4.379070809999999,10.915276477283507
spec-2341-53738-0326,0.0736191,10.771,9.951035355801952,0.0184587169359516,-0.0342637144285337,164.318384247888,146.7433752,25.95257221,1.4,4.86,0.39,0.0,7.98,146.74337,25.95257,0.018617768246886,0.9158595133204178,3.7733176399999993,11.023001462834525
spec-2341-53738-0526,0.08754574,10.857,10.051525194974612,0.2836665258900303,0.0878908669332307,136.56359696990617,147.80855689,25.88660129,1.638,7.58,0.21,0.0,7.94,147.80856,25.8866,0.0110916117145321,1.0853616458827038,3.7912107599999993,11.131132153990187
spec-2350-53765-0010,0.06452045,10.796,9.952406011674434,-0.0701021929169901,0.0551310556441364,130.6494201009255,155.96674827,25.72276057,1.24,3.57,0.24,0.0,4.72,155.96675,25.72276,0.0059742920309636,1.047323184938283,5.48458944,10.910548684923441
spec-2356-53786-0442,0.05646563,10.419,10.12835001727621,0.0087207726912192,0.0058225679128574,119.30612334017212,159.47519433,28.60216913,1.096,2.95,0.58,0.0,4.88,159.47519,28.60217,0.0140395244760782,0.8325219696942819,5.3886470399999995,10.641463580554822
spec-2357-53793-0268,0.06531809,10.636,10.151398392708312,0.1575094082923941,0.000119925449954705,129.40581163761507,163.29339877,25.41168073,1.254,3.04,0.45,0.0,3.45,163.2934,25.41168,0.0047857115327242,0.8823790877462955,6.289900249999999,10.81752076568734
spec-2425-54139-0182,0.06683604,10.398,10.022763933262292,-0.0226470127930236,-0.123716025623171,106.17470226279045,127.21174309,13.67249433,1.281,2.94,0.53,0.0,3.82,127.21174,13.67249,0.0189688002368494,0.8487068161348575,6.047256839999999,10.597146193628202
spec-2439-53795-0531,0.07569815,10.491,10.011522893661354,0.0769947893232543,0.019652443821495,124.77150722076276,139.74084081,18.78246276,1.436,2.43,0.48,0.0,2.45,139.74084,18.78246,0.0103124028872718,0.8684665799778243,6.97871025,10.72680604924832
spec-2481-54086-0510,0.09834493,10.978,10.03170539202202,0.2454193815681441,0.0847698015507203,173.47096128553818,162.84193675,23.60791892,1.817,3.46,0.41,0.0,3.73,162.84194,23.60792,0.0114040351679556,0.9037741381612935,6.10567089,11.12576362490702
spec-2484-54144-0137,0.09938332,10.587,10.09392488715699,-0.0400916103773632,0.278805736825658,126.0244359524789,163.59458854,19.62307066,1.835,3.6,0.68,0.0,4.62,163.59459,19.62307,0.0054913786120941,0.8083302385460109,5.545180039999999,10.775157157330513
spec-2499-54176-0061,0.08081246,10.735,10.086459763738649,0.2752311576572918,0.113799570509188,131.4935884820818,172.60302949,16.60271557,1.524,5.32,0.6,0.0,6.48,172.60303,16.60272,0.0160447619827099,0.8268941874213698,4.497088639999999,10.900542829323832
spec-2499-54176-0091,0.09880038,10.629,10.099806315856414,0.2459323471919949,0.110251943303867,149.15223928492344,172.42414773,16.38241619,1.825,3.94,0.34,0.0,6.62,172.42415,16.38242,0.0157986622614364,0.9508320982325946,4.424948039999999,10.93320844248793
spec-2499-54176-0597,0.07585394,10.426,10.14204745842938,-0.0247367149043963,-0.0874699105104873,100.4009941371098,172.86374096,17.19511489,1.439,2.43,0.41,0.0,3.32,172.86374,17.19511,0.0179109159670103,0.9037741381612935,6.37671984,10.516180201254697
spec-2506-54179-0617,0.08198381,10.56,9.749478937467524,0.232752931549954,-0.0494505865883446,126.53153477858184,176.5517739,20.29345414,1.544,3.37,0.23,0.0,5.27,176.55177,20.29345,0.019888163853565,1.059452598972988,5.159956889999999,10.83619571167097
spec-2510-53877-0170,0.08664677,10.361,10.093270023702171,-0.0292542149789885,-0.041388445272576,101.30364894442889,176.71560116,24.13029948,1.622,2.96,0.28,0.0,4.63,176.7156,24.1303,0.0042460352694862,1.0037315179050041,5.539099289999999,10.594039255495497
spec-2512-53877-0357,0.06750741,10.937,10.054247382455388,0.2530556084228776,-0.0036892435374446,146.03743969145927,177.11448718,17.31053697,1.293,3.81,0.73,0.0,2.99,177.11449,17.31054,0.014591872520859,0.7993527728767938,6.6007664099999985,10.998626901365604
spec-2523-54572-0397,0.07225299,10.325,10.086801600563843,0.0565048309004678,0.0016947762457938,102.61655538018766,238.71946604,11.21320153,1.376,2.53,0.52,0.0,3.4,238.71947,11.2132,0.0150295161932838,0.8523486307670756,6.323195999999999,10.523549952373825
spec-2523-54572-0585,0.06851062,10.513,9.97970806207762,0.1243287357022907,0.0556709931001752,119.05982564677474,240.81408211,11.09628129,1.311,3.05,0.56,0.0,4.77,240.81408,11.09628,0.0087822983197078,0.8386131011557931,5.454474889999999,10.662585568529266
spec-2529-54585-0309,0.04763447,10.667,10.115596337006108,0.2267452006272372,0.0382807823940232,127.49191933301309,243.17922219,8.74430852,0.934,3.39,0.2,0.0,5.72,243.17922,8.74431,0.0094397286297951,1.0991960685470887,4.90519344,10.839336977022215
spec-2583-54095-0067,0.08495717,10.653,9.879963368406022,-0.1975313300382806,0.0947499132349022,126.32037310018548,149.00416151,16.00585712,1.596,2.61,0.21,0.0,7.98,149.00416,16.00586,0.0116102894520649,1.0853616458827038,3.7733176399999993,10.598325798362659
spec-2586-54169-0496,0.08335387,10.825,9.930529384980847,0.1845890133198381,-0.0203298388295131,148.04002368100714,151.8571352,14.92166398,1.568,3.9,0.81,0.0,2.66,151.85713,14.92166,0.0230758328121952,0.7881627066638371,6.83006196,11.029304078964369
spec-2597-54231-0450,0.0683818,10.854,10.009639461040322,0.1279822118192084,-0.0163899431804567,130.87395789567407,185.1368708,18.79275908,1.309,3.52,0.12,0.0,4.77,185.13687,18.79276,0.0042898679738089,1.2352721781068696,5.454474889999999,10.975205398449853
spec-2599-54234-0003,0.07075984,10.144,10.123636982279494,0.3215603817614119,0.0067202434044966,85.26894440310497,189.99771257,16.53912382,1.35,1.7,0.37,0.0,2.63,189.99771,16.53912,0.0163639934299496,0.928983936520446,6.851167289999999,10.26224412631357
spec-2601-54144-0528,0.08014693,10.696,9.956002522962672,0.1904473458812815,0.108293599967362,124.22068147159904,192.75208802,18.23151244,1.513,3.31,0.77,0.0,3.56,192.75209,18.23151,0.0110902628908826,0.7933257557248411,6.217073759999999,10.767694037771843
spec-2642-54232-0226,0.07575055,10.834,10.108881805218571,0.2409281683511088,0.0899929743991972,140.92203944127436,204.89557251,18.45515669,1.437,3.51,0.45,0.0,4.38,204.89557,18.45516,0.0146784922782002,0.8823790877462955,5.692564039999999,10.9106687428535
spec-2645-54477-0031,0.07473038,10.688,10.158326102434646,0.1549132244077463,-0.0727776879994806,117.39589950609133,185.51572097,22.4521355,1.418,4.89,0.48,0.0,3.62,185.51572,22.45214,0.0165183377423754,0.8684665799778243,6.177596039999999,10.924627986447447
spec-2654-54231-0558,0.08583905,10.334,10.080135009783376,0.139413101827389,0.201352042630597,96.7041320913371,206.00390336,21.14402255,1.609,2.65,0.78,0.0,1.78,206.0039,21.14402,0.0145446961454563,0.7919592728174347,7.46717844,10.53243596990653
spec-2664-54524-0602,0.06398369,11.092,10.034964433462534,0.3524241655714701,0.0692649691876355,168.93805114427403,201.93807181,25.17926783,1.231,3.84,0.51,0.0,2.73,201.93807,25.17927,0.0097877607366009,0.8561389940226636,6.780984889999999,11.170063893914989
spec-2744-54272-0196,0.07573614,10.551,10.02756434638676,-0.2162681570710952,-0.0589415800710481,113.4654704833754,210.5900117,15.75739838,1.436,3.02,0.54,0.0,2.65,210.59001,15.7574,0.0082888152180382,0.8452074611443647,6.8370922499999995,10.718009796443326
spec-2746-54232-0095,0.09991455,10.589,10.052297646487578,-0.0542412608591527,-0.0854387243720506,119.4009971024581,215.63481777,14.50109461,1.844,4.94,0.35,0.0,5.5,215.63482,14.50109,0.0183258042227406,0.9432436911467813,5.028524999999999,10.890248033845792
spec-2746-54232-0145,0.03907594,10.309,10.11916743100017,-0.3803362338859425,-0.0882820296145005,93.9743590474336,215.51560933,14.98731753,0.775,2.37,0.41,0.0,4.37,215.51561,14.98732,0.0091921889160889,0.9037741381612935,5.698765289999999,10.39904842578558
spec-2753-54234-0465,0.07450173,10.46,10.060373770735769,-0.2094159186414378,0.339636694714816,101.96421709336424,230.04349924,12.83126494,1.416,2.83,0.83,0.0,3.67,230.0435,12.83126,0.0179829685923697,0.7858650205196267,6.1448304899999995,10.51898053397914
spec-2763-54507-0294,0.08125357,10.729,10.067518863203569,-0.0363273466470203,0.20505205770568,131.51797751961217,221.02139493,15.18185821,1.532,3.42,0.44,0.0,5.55,221.02139,15.18186,0.0183006440139606,0.8874053975750458,5.000290249999999,10.785554284847002
spec-2764-54535-0556,0.07368338,10.733,9.99116165403574,0.2552176921152194,0.0695393497801872,150.07166996231155,224.74861983,16.03497296,1.401,3.36,0.44,0.0,4.37,224.74862,16.03497,0.0106722210689728,0.8874053975750458,5.698765289999999,10.949280199453161
spec-2767-54243-0495,0.08072478,10.816,10.001378692426204,0.1167514713385637,-0.0046109223716974,127.40493366309704,230.82674139,14.68040289,1.523,5.33,0.57,0.0,1.83,230.82674,14.6804,0.0114749740012997,0.8355072068666826,7.429978489999999,11.096478113060748
spec-2771-54527-0287,0.05983795,10.756,10.066619503782244,0.1740651204716129,0.0236041782888614,162.7644600465273,210.42154529,19.40297683,1.157,2.75,0.53,0.0,6.22,210.42154,19.40298,0.0212810169845391,0.8487068161348575,4.63357044,10.823565972238033
spec-2778-54539-0336,0.05822838,10.761,9.979576677394938,0.3032875707332062,0.0098891305275418,143.8225312491437,223.56636867,18.96429984,1.127,4.6,0.39,0.0,7.28,223.56637,18.9643,0.0045646014751953,0.9158595133204178,4.09758144,10.919208797657916
spec-2778-54539-0467,0.06042119,10.312,10.048952684464313,-0.0539995437011266,0.112738375121354,95.765769506826,223.73578482,18.45039564,1.167,2.06,0.62,0.0,2.41,223.73578,18.4504,0.0227441948473945,0.8216932330693044,7.007265209999999,10.402986746203787
spec-2782-54592-0074,0.07397328,10.344,9.981954969254316,0.1070367136908774,0.0618426071225262,100.96129239508564,234.82681481,14.60301623,1.406,2.39,0.17,0.0,5.08,234.82681,14.60302,0.0215634776611222,1.1445808046337596,5.270454239999999,10.533642863837512
spec-2787-54552-0382,0.07055681,10.734,10.144070466566475,0.0532500722715471,0.121267725229029,131.82097765703446,216.0476486,22.81113464,1.347,2.93,0.21,0.0,5.19,216.04765,22.81113,0.017338026819623,1.0853616458827038,5.206270009999999,10.825378490520835
spec-2787-54552-0511,0.06988556,10.552,10.038187469762446,0.1483558746290524,-0.0237804837332773,108.73606389828814,216.35183508,22.97210877,1.335,2.74,0.18,0.0,5.55,216.35183,22.97211,0.0174101776918873,1.128773370680186,5.000290249999999,10.628540403696366
spec-2971-54590-0505,0.08179187,10.239,10.08219292587705,-0.1621240277205606,-0.0215235807272799,100.63056359939642,256.45122886,37.09751993,1.541,2.01,0.45,0.0,2.5,256.45123,37.09752,0.0032830773158672,0.8823790877462955,6.943124999999999,10.462306713540064
