Amostra,Mcor
266-51630-177,10.647005727064373
267-51608-125,10.639290014708545
268-51633-98,10.919293597920786
268-51633-369,10.480455785103409
268-51633-509,10.94703035511766
268-51633-625,10.52661947585357
269-51910-214,10.84123493721474
269-51910-271,10.606678539726872
270-51909-42,10.424708337371195
270-51909-113,10.773167833935615
270-51909-618,10.87369552826459
271-51883-175,10.509782792853864
271-51883-265,10.857972087802041
274-51913-252,10.850509620349541
275-51910-610,10.901376938391323
276-51909-436,10.694773103636111
277-51908-382,10.719396335568373
279-51984-225,10.592878321155155
279-51984-516,11.065384070598686
279-51984-595,10.607710486695607
280-51612-145,10.512218338610701
280-51612-441,10.54750975736374
283-51959-453,10.777590954394142
284-51943-559,10.827186597908069
285-51930-140,10.523849350636626
286-51999-432,10.745976823220795
290-51941-245,10.638949456583518
291-51928-156,10.736731597938443
291-51928-439,10.762320073360913
291-51928-571,10.716251628866756
292-51609-393,10.710301830768703
294-51986-253,10.932267541927729
295-51985-410,10.937453893870467
295-51985-486,10.800280158679314
295-51985-634,10.88271477439065
296-51984-230,10.767883861608677
296-51984-233,10.64284954053157
296-51984-422,10.656883413009563
297-51959-198,10.70864747663391
297-51959-467,10.74522285225939
299-51671-590,10.689318700493637
302-51688-99,10.602394262893274
302-51688-176,10.442157293652887
302-51688-623,10.402411167935705
302-51688-636,10.481305554639782
303-51615-75,10.885976078274574
303-51615-278,10.707188747254774
303-51615-552,10.68999370629964
304-51609-90,10.438920058517281
305-51613-506,10.832439196878724
306-51637-72,10.781238403550521
307-51663-385,10.378764023051087
310-51990-71,10.797813625535394
310-51990-74,10.707221785998945
310-51990-390,10.714429522363101
311-51665-186,11.026789658259183
311-51665-605,10.80351051960297
313-51673-26,10.816890513017245
313-51673-153,10.26749321420125
313-51673-414,10.692282143534241
315-51663-557,10.660288879893814
315-51663-581,10.479964188073593
328-52282-505,10.608950042796662
328-52282-507,10.603751623611505
329-52056-140,10.574007407743983
330-52370-600,10.802236843686032
332-52367-535,10.661222340839116
333-52313-428,10.795691567975997
334-51993-57,10.572207897220071
334-51993-240,10.611507756891527
336-51999-580,10.990538636108793
337-51997-365,10.668805326085273
337-51997-366,10.688712984335963
337-51997-415,10.734913601306433
337-51997-417,10.763271090010647
337-51997-450,10.829924966359663
338-51694-459,10.663504103098898
338-51694-464,10.676812261455812
338-51694-468,10.940885257354301
338-51694-495,10.748513832158007
339-51692-192,10.7665962046424
339-51692-276,10.65175510330141
339-51692-422,10.664794562656859
339-51692-594,10.886232415950296
339-51692-603,10.750954938185112
339-51692-609,10.651986791503885
340-51990-389,10.74184590871185
340-51990-390,10.655414875951513
341-51690-133,11.024537292984007
341-51690-542,10.71937227757039
350-51691-90,10.576734145222991
350-51691-92,10.558942842898507
350-51691-251,10.658838023530373
351-51695-578,10.928935659478958
355-51788-290,10.74758628973054
359-51821-368,10.561240455975959
362-51999-296,10.7111817194053
363-51989-174,10.800849952783265
363-51989-279,10.738847316476942
363-51989-494,10.788122381180596
367-51997-234,11.173909498072886
371-52078-283,10.970726012083038
371-52078-335,10.805007947752568
374-51791-118,10.822248258989895
374-51791-182,10.813400080415205
374-51791-405,10.863089984713268
376-52143-78,10.948692567019984
376-52143-471,10.575413554095167
378-52146-611,10.557627580422922
379-51789-562,10.659467834457656
380-51792-509,10.587764830539022
382-51816-366,10.329127031582352
383-51818-381,10.578462310613014
384-51821-577,11.100550996074142
385-51783-354,10.918453389013695
387-51791-465,10.625031802816926
387-51791-552,10.594954543498579
389-51795-62,10.477011768319112
390-51900-586,10.52455360988347
392-51793-86,10.683033703762849
394-51913-40,10.9183043275315
395-51783-177,10.446189804913063
398-51789-76,10.677798375750854
398-51789-448,10.743634325557277
399-51817-171,10.72160050509004
399-51817-427,10.989754874875151
402-51793-221,10.722040793779497
403-51871-54,10.33163697290164
403-51871-403,10.764779907286364
404-51812-67,10.618555097046851
404-51812-287,10.369842234633717
404-51812-312,10.774940889452475
407-51820-132,10.629905367424845
407-51820-343,10.514149730661693
407-51820-609,10.626312443937215
409-51871-427,10.61546907907117
411-51817-41,10.666975973870757
412-52258-514,10.21468088151947
415-51810-134,10.514458767998454
418-51817-199,10.528831457022012
418-51817-630,10.59429168068722
419-51879-439,10.67890791055444
422-51811-139,10.815118990129168
422-51811-166,10.922590835431405
426-51882-200,10.76123276671829
428-51883-211,10.421971244358776
430-51877-325,10.656482097911274
432-51884-170,10.519844908956362
432-51884-470,10.657867266990142
435-51882-509,10.919731878466138
435-51882-538,10.672958453701773
437-51876-144,10.616676922584913
439-51877-40,10.461086344399241
439-51877-165,10.76056269551659
441-51868-111,10.432616716144395
442-51882-108,10.48658017773759
442-51882-146,10.53754958768584
443-51873-598,10.518525335327183
443-51873-633,10.425062476566795
444-51883-147,10.774648379389058
444-51883-626,10.797977919543442
445-51873-567,10.856833736106497
445-51873-581,10.823147987139148
445-51873-622,10.510091773500797
446-51899-71,10.588110301023432
447-51877-460,10.798926438706632
448-51900-180,10.283221789517961
448-51900-411,10.730413037132502
448-51900-518,10.880459870044858
449-51900-193,10.72561632428918
450-51908-367,10.66043773942663
452-51911-333,10.821826019917037
453-51915-343,10.725526727232879
457-51901-570,10.996503945686516
459-51924-211,10.483098235661194
467-51901-71,10.8540434333759
467-51901-272,10.863422000726368
467-51901-458,10.611070566548012
468-51912-262,10.94762694440749
471-51924-95,10.75193642426866
472-51955-78,10.841358919053828
472-51955-82,10.727665074729456
475-51965-39,10.668667982103017
475-51965-84,10.854571832969338
476-52314-257,10.26752752787587
477-52026-194,10.5528965290977
480-51989-344,10.2693300895988
481-51908-40,10.378200800983556
481-51908-149,10.789721550790638
481-51908-296,10.801066899974185
483-51924-548,10.911777387573535
485-51909-432,10.733762861209815
486-51910-250,10.871858088743897
487-51943-182,10.668849765393428
490-51929-28,10.403839023314903
491-51942-468,10.615703920485304
493-51957-533,10.85423794367896
496-51988-187,10.398267057791948
496-51988-459,10.88050117656776
503-51999-452,10.525997162675145
503-51999-550,10.482056174566878
504-52316-536,10.689692558194581
505-52317-501,10.71402451238758
506-52022-400,10.62525830210233
508-52366-417,10.540859863517763
509-52374-164,10.383673071938235
509-52374-427,10.520435111447274
509-52374-493,10.502235193503955
510-52381-175,10.809927335063517
510-52381-199,10.622100216438131
510-52381-408,10.57330067474166
510-52381-475,10.749970659045012
511-52636-133,10.91588934897399
511-52636-481,10.68019666274353
514-51994-168,10.79328672651384
515-52051-420,10.718979917793
518-52282-406,10.760987283916856
518-52282-449,10.68996788116986
518-52282-450,10.566156129531201
518-52282-452,10.637289591775307
518-52282-566,10.795950202521983
518-52282-568,10.584284164078584
518-52282-577,10.685396569566203
519-52283-193,10.688117197105816
521-52326-25,10.452416327712221
521-52326-207,10.878717058808025
521-52326-264,10.735924381878032
521-52326-303,10.594290961557972
521-52326-440,10.609799408893485
522-52024-221,10.378955970085837
522-52024-375,10.918969342266829
523-52026-538,10.967509364527366
524-52027-163,10.280466249225407
524-52027-361,10.801759282127223
528-52022-306,10.714789008316844
529-52025-118,10.550743701333426
529-52025-218,10.635865469838027
529-52025-228,10.569686503219366
530-52026-510,10.795610258790408
531-52028-122,10.596586250576028
531-52028-451,10.715357198918682
533-51994-109,11.024939885072946
533-51994-338,10.761403214220971
534-51997-555,10.61691529097056
534-51997-634,10.703860213945804
537-52027-270,10.59095747054163
537-52027-313,10.820791293530554
537-52027-609,10.20717094206243
539-52017-490,10.805695968990296
540-51996-195,10.489704167869252
540-51996-530,10.796638945393557
544-52201-141,10.55333063172647
545-52202-253,10.843159228282394
546-52205-433,10.421641428272313
552-51992-461,10.900921858102592
553-51999-403,11.025772359158065
553-51999-460,10.953444931151417
553-51999-545,10.85360117486341
554-52000-275,10.562424044123006
554-52000-395,10.825434682388277
555-52266-64,10.221859808241447
555-52266-156,10.395208450903148
556-51991-58,10.92290728242133
558-52317-440,10.67597823742821
559-52316-298,10.902003716695358
560-52296-180,10.940196395166309
564-52224-36,10.629841880232208
565-52225-408,10.888711126029339
566-52238-546,10.823432331348274
567-52252-109,10.586582599830008
568-52254-250,10.783337512963842
569-52264-551,10.95316886374883
571-52286-323,11.096242044529928
571-52286-588,11.226418892342691
576-52325-290,10.68963112201832
576-52325-291,10.89943247209771
577-52367-260,10.551301588698376
577-52367-536,10.380085156975248
577-52367-547,10.727125688289531
577-52367-589,10.497894319171646
577-52367-629,10.650701713211868
578-52339-322,10.603318132603727
578-52339-369,10.626566040829962
578-52339-622,10.723115505325087
580-52368-387,10.575082526998528
581-52356-293,10.592758642261533
581-52356-483,10.741290546974728
581-52356-549,10.676539106672426
582-52045-137,10.765504666988525
582-52045-527,10.914882139346398
582-52045-535,10.879641570192957
582-52045-610,10.721563681052961
584-52049-460,10.680948533484012
585-52027-539,10.764471423653786
586-52023-21,10.675921083552423
586-52023-69,10.390378895011612
586-52023-73,10.343064135272432
587-52026-238,10.565241689196712
587-52026-276,10.663429448764164
587-52026-305,10.736853455578382
589-52055-57,10.586587793690951
589-52055-293,10.767655361100342
590-52057-257,10.748131784656147
591-52022-4,10.459137409061698
591-52022-176,10.60939325699248
591-52022-370,11.265458950597704
591-52022-406,10.83950140240036
591-52022-440,10.847142640201366
591-52022-580,10.812016064949205
592-52025-64,10.462377718979615
593-52026-266,10.850733110693888
593-52026-307,10.756023573729177
593-52026-389,10.855747833014497
594-52045-388,10.797343459029998
599-52317-355,10.52831092444918
602-52072-100,10.881233309043226
602-52072-181,10.226291076677425
604-52079-180,10.586590151963232
606-52365-167,10.81461058503169
607-52368-48,10.99691355243428
608-52081-350,10.873916549161802
609-52339-499,10.497974878457237
610-52056-219,10.478617614312755
612-52079-188,10.698285561199324
614-53437-422,10.526103414839323
616-52442-245,10.787373861845257
617-52072-347,10.49475537473431
618-52049-326,10.672737793697488
619-52056-100,10.862534761966874
619-52056-562,10.685641355279214
621-52055-83,10.684451607009704
621-52055-100,10.439910669788146
621-52055-136,10.752337736694834
622-52054-342,10.72065177540771
622-52054-524,10.333958037158318
623-52051-79,10.773359705783843
623-52051-425,11.006490813305371
623-52051-483,10.334808366707941
624-52377-640,10.419907983460343
625-52145-347,10.253236679165761
625-52145-375,10.846203634485972
626-52057-17,10.685452072996366
627-52144-39,10.669568355016073
629-52051-148,10.683214380994446
629-52051-175,10.63952740338707
631-52079-450,10.71496741623077
631-52079-631,10.711955382242264
632-52071-381,10.718491143059449
632-52071-442,10.459093916592579
632-52071-523,10.660774498102942
633-52079-51,10.487331833223124
633-52079-583,10.708965293692678
634-52164-626,10.761526011217928
635-52145-282,10.788267705581797
637-52174-40,10.603304047669758
638-52081-291,10.658626088216383
644-52173-394,10.887660847764469
648-52559-199,10.551986278172988
648-52559-275,10.730707505379232
649-52201-130,10.542653773527942
649-52201-188,10.630842457711488
649-52201-570,10.710757248649792
650-52143-389,10.88852838087431
651-52141-295,10.500127416572951
651-52141-511,10.488050292514737
653-52145-518,10.789891576104507
654-52146-379,10.742291534125282
655-52162-72,10.884304886219482
656-52148-360,10.679583272408493
656-52148-412,10.759024996932764
656-52148-522,10.56454735801246
657-52177-103,10.437854429499351
658-52146-301,10.465742620955579
658-52146-453,10.551231359817818
659-52199-133,10.74680863887212
660-52177-411,10.494640575755684
661-52163-163,10.821731676933407
662-52147-260,10.762371734501018
664-52174-320,10.855847279267433
668-52162-121,10.786531048994446
668-52162-188,10.866118074660609
716-52203-180,10.999517068791183
717-52468-94,10.531680460662766
718-52206-117,10.705951024781216
721-52228-165,10.785961852497897
722-52224-456,10.755625098969222
725-52258-65,10.771304763455191
726-52226-59,10.652411759367265
726-52226-504,10.625139852101935
729-52468-271,10.860590840331806
730-52466-25,10.288537623801144
730-52466-64,10.42841340225118
732-52221-348,10.769597337797345
732-52221-391,10.652084011665247
735-52519-634,10.708472210408349
738-52521-62,10.90685183794016
738-52521-556,10.881417316216185
739-52520-232,10.793763414723882
741-52261-387,10.620115436941957
746-52238-291,10.451193190651432
748-52233-227,10.643595977143427
750-52235-145,10.686464776460177
752-52251-56,10.927087881475424
758-52253-72,10.69130545100842
758-52253-632,10.92838096381928
759-52254-17,10.740253924548433
759-52254-408,10.591864019861003
759-52254-495,10.754422749755415
761-54524-131,10.409896163460372
761-54524-385,10.658939204998495
762-52232-86,10.548887069693142
766-52247-589,10.656017582557025
775-52295-263,10.355960970757177
776-52319-259,10.624515393672072
776-52319-470,10.722987777689179
776-52319-574,10.862633021243196
777-52320-42,10.666868921794533
779-52342-4,10.776066723992496
781-52373-579,10.697820918066283
782-52320-549,10.765578875713041
783-52325-275,10.90022408577899
785-52339-68,10.646226495540837
786-52319-285,10.919974458952895
794-52376-29,10.549956888321708
795-52378-600,10.574275187997108
812-52352-455,10.58412066319298
813-52354-164,10.605584199114576
815-52374-433,10.54642761855211
816-52379-306,10.560445059787018
816-52379-513,10.574486726634474
817-52381-127,10.638367745986391
817-52381-550,10.76605320852244
820-52438-72,10.80450611164316
820-52438-196,10.663033998175019
828-52317-185,10.621076693517855
830-52293-133,10.680616235714211
832-52312-235,10.848801499676613
835-52326-136,10.34967467146494
835-52326-349,10.534178036787633
835-52326-567,10.637259186920536
838-52378-481,10.818173200665317
838-52378-519,11.062781364007087
838-52378-574,10.799229454370662
839-52373-310,10.65107777005024
840-52374-45,10.875319331273452
840-52374-106,10.561216340475807
840-52374-370,10.622836549015913
840-52374-542,10.554001700882065
842-52376-585,10.80515400736254
842-52376-590,10.577429890448677
842-52376-625,10.621680922915356
843-52378-386,10.782487006692289
843-52378-399,10.720567717868263
843-52378-431,10.67369235418636
843-52378-511,10.68416350426089
844-52378-216,10.52700479601672
844-52378-219,10.535198424872815
845-52381-552,10.5638459616557
846-52407-188,10.670083370490255
846-52407-255,10.687139082347784
846-52407-522,10.86626038939703
847-52426-430,10.846223911369153
848-52669-115,10.935700059314282
849-52439-81,10.566743203193242
850-52338-67,10.681985824534463
850-52338-178,10.888310832997664
854-52373-108,10.55533282565183
854-52373-584,10.460693708718196
855-52375-333,10.774694953105616
855-52375-506,10.754538231414502
855-52375-581,10.606645202505995
856-52339-279,10.640472307021874
865-52323-284,10.70060744496989
865-52323-442,10.795487257882375
878-52353-110,10.780169385326712
881-52368-265,10.58639422922396
882-52370-1,10.674528610029636
882-52370-36,10.384104617896359
882-52370-214,10.571832869965357
882-52370-607,10.84996230780448
882-52370-631,10.550254648527487
883-52430-289,10.931212240288097
884-52374-129,10.832290254977144
884-52374-502,10.28439404685743
885-52379-522,10.774859679291582
886-52381-6,10.414963289334608
886-52381-89,10.949112081713087
886-52381-186,10.603956369865053
886-52381-531,10.588503887456149
887-52376-541,10.268018853943602
888-52339-13,10.691238050758743
889-52663-405,10.867782680636097
889-52663-612,10.48719921121529
890-52583-535,10.57914165703204
892-52378-96,10.580364580112077
892-52378-150,10.604559670928358
893-52589-79,10.89633196382039
893-52589-170,10.712169059668616
895-52581-1,10.554634716193123
896-52592-80,10.848336292115246
904-52381-69,10.837622392721418
904-52381-219,10.725988998917144
904-52381-310,10.816884552358582
904-52381-331,10.737872719335321
906-52368-26,11.580611688043538
908-52373-523,10.588779908181436
909-52379-335,10.547060597161755
910-52377-59,10.696507677982128
910-52377-503,10.661759978208636
911-52426-426,10.69012409009614
911-52426-492,10.677264703821303
912-52427-167,10.883739142932601
914-52721-148,10.911206761807165
914-52721-184,10.841770393126636
915-52443-62,10.658621399700179
915-52443-170,10.71588459173907
919-52409-73,10.807789367238337
922-52426-26,10.46034892111574
922-52426-324,10.589020600018445
922-52426-441,10.419633137145647
923-52404-318,10.968990499242055
923-52404-456,10.319655509521356
924-52409-23,10.645335287187356
924-52409-318,10.537975964054102
925-52411-174,10.915099065526634
925-52411-397,11.025482579415863
925-52411-623,10.661445456379736
926-52413-508,10.601122726474793
932-52620-27,10.781442521464738
933-52642-515,10.871973798801983
933-52642-618,10.929975404113694
936-52705-190,10.806823112930305
937-52707-75,10.653678673614182
937-52707-233,10.498101842973963
938-52708-118,10.715524110923093
940-52670-70,10.685821726842837
941-52709-71,10.67070306647655
941-52709-86,10.512668149013615
941-52709-252,10.821159206452242
942-52703-186,10.68767461470198
942-52703-408,10.47169168876517
943-52376-583,10.665975395831268
944-52614-379,10.549547500286186
944-52614-632,10.863398348577139
945-52652-105,10.509103170025519
946-52407-243,10.715328008010614
949-52427-225,10.814255533830197
950-52378-632,10.429899167160736
951-52398-165,10.575344135274033
955-52409-191,10.803673828275173
955-52409-483,10.54448555192555
957-52398-581,10.725625384913961
959-52411-37,10.543964691090213
959-52411-598,10.553551389617224
960-52425-418,10.85442789071807
960-52425-429,10.73148681030142
960-52425-449,10.55866545677738
960-52425-477,10.481697233409795
961-52615-378,10.792656348602998
961-52615-468,10.286648915811076
964-52646-69,10.607141475649623
964-52646-82,10.60909558280583
966-52642-31,10.947620400689477
967-52636-444,10.52201980517269
969-52442-108,10.52232586598997
969-52442-355,10.644329186945166
969-52442-601,10.58560761146619
971-52644-524,10.831209751024904
972-52435-1,10.827611547303187
973-52426-142,10.816913849372064
973-52426-240,10.825334045888578
974-52427-142,10.672818101240743
974-52427-173,10.95413212458254
974-52427-632,10.70473263966942
975-52411-437,10.548432062640167
976-52413-323,10.379504458970096
977-52410-59,10.7739489157135
979-52427-148,10.757377174118764
982-52466-89,10.70438657011956
982-52466-95,10.780228826814568
983-52443-185,10.74421910915753
983-52443-260,10.63660504916948
985-52431-393,10.596601104772537
985-52431-589,10.695520166024792
994-52725-164,10.620207208623357
994-52725-194,10.685208279679276
994-52725-518,10.874189091569473
994-52725-544,10.717153534468418
994-52725-560,10.732284875879403
995-52731-25,10.816609781443825
995-52731-605,10.31354355141653
997-52734-503,10.712034781538721
1000-52643-165,10.79104079698494
1000-52643-278,11.040756211706507
1000-52643-549,10.7351910871851
1002-52646-197,10.713018619000845
1002-52646-541,10.399228176765876
1003-52641-126,10.636816713382327
1004-52723-64,10.707495048377421
1004-52723-288,10.754422705499486
1004-52723-373,10.673890340126324
1004-52723-620,10.503056320258683
1006-52708-582,10.78441930182672
1008-52707-428,10.849374029622506
1008-52707-470,10.698096556047885
1009-52644-413,10.443395520348771
1011-52652-495,10.846745396700925
1013-52707-390,10.692961110791524
1014-52707-249,10.69384898801444
1014-52707-459,10.829553946573474
1014-52707-515,10.467156092058366
1015-52734-329,10.45959834866601
1015-52734-530,10.579805313925386
1016-52759-444,10.5832857160482
1016-52759-456,10.515772507090075
1016-52759-542,10.704942182599796
1016-52759-565,10.26208502600464
1017-52706-335,10.29295280343257
1018-52672-88,10.789343525317724
1018-52672-524,10.981842957819788
1019-52707-545,10.571066018175536
1040-52722-17,10.186949400079593
1041-52724-626,10.601215580390106
1044-52468-518,10.653451597357535
1045-52725-206,10.733731072705964
1046-52460-148,10.765943691257094
1046-52460-293,10.497981033091065
1047-52733-274,10.513148300227119
1048-52736-63,10.92620735181945
1048-52736-567,10.700695446099676
1050-52721-98,10.548080136005046
1051-52468-339,10.540857083144047
1051-52468-498,10.507540393660452
1052-52466-5,10.690406721063853
1052-52466-36,10.95754013887436
1052-52466-259,10.558981840933253
1054-52516-264,10.72526144953682
1055-52761-398,10.855720186048803
1056-52764-112,10.334341554650013
1056-52764-209,10.216386525859317
1056-52764-278,10.675374343969132
1056-52764-457,10.26704812069507
1056-52764-467,10.673502822653036
1057-52522-314,10.586331200839362
1061-52641-323,10.5407056165729
1061-52641-325,10.96446718053779
1158-52668-351,10.813607150310004
1159-52669-131,10.961122839404077
1159-52669-136,10.65977225543899
1159-52669-575,10.721768025753406
1161-52703-345,10.576035748028279
1162-52668-563,10.605236223829076
1164-52674-9,10.618015986501538
1164-52674-432,10.524463988745495
1168-52731-190,10.486142808562546
1170-52756-345,10.300113921430356
1170-52756-517,10.653574855788417
1172-52759-40,10.48636801362959
1172-52759-93,10.554946741059602
1172-52759-105,10.537206101534125
1172-52759-158,10.41765430032825
1172-52759-285,10.533252068711516
1172-52759-592,10.738696674535941
1174-52782-48,10.73449180039702
1175-52791-184,10.728878632932592
1178-52825-245,10.288136472964275
1184-52641-337,10.808230413383406
1185-52642-335,10.84292498463635
1185-52642-338,10.471753713424182
1185-52642-374,10.681559453260506
1185-52642-438,10.887807899722068
1189-52668-67,10.7046861277523
1190-52670-569,10.66828814083652
1192-52649-118,10.802899511106663
1194-52703-110,10.814286221212093
1194-52703-211,10.724572629242612
1198-52669-176,10.811599365997116
1198-52669-340,10.737000598350727
1199-52703-360,10.710833117634609
1199-52703-553,10.796085716314703
1200-52668-616,10.752289234371982
1201-52674-544,10.534494219464184
1203-52669-619,10.54473493724861
1206-52670-126,10.652998475482207
1207-52672-568,10.682018130868219
1207-52672-615,10.239710886873233
1208-52672-284,10.728158989583108
1208-52672-545,10.468219843148509
1210-52701-371,10.715382974568895
1210-52701-499,10.63828179198926
1211-52964-510,10.46140107402312
1214-52731-312,10.534447502787962
1215-52725-53,10.915416720209006
1216-52709-14,10.892170413447902
1216-52709-577,10.65295204870996
1217-52672-563,10.625944983385185
1220-52723-157,10.661489530184248
1220-52723-210,10.598090174791396
1220-52723-354,10.555597725606424
1220-52723-426,10.732991053027646
1222-52763-170,10.508463900452112
1222-52763-542,10.763626792589159
1223-52781-40,10.241989350661344
1223-52781-172,10.862703391168212
1224-52765-63,10.5386649739781
1225-52760-29,10.762578131231148
1225-52760-183,10.705527151504729
1226-52734-448,10.603231018378908
1226-52734-551,10.669108523613849
1228-52728-483,10.657887918162702
1229-52723-208,10.419993493691985
1229-52723-442,10.604173140907381
1231-52725-49,10.88209950369609
1231-52725-174,10.81128551988436
1231-52725-390,10.71565799378863
1231-52725-460,10.369478837703008
1231-52725-507,10.960469318345268
1234-52724-393,10.456175196245862
1234-52724-440,10.80658776496152
1234-52724-471,10.832809605036827
1234-52724-519,10.718358348475626
1234-52724-629,10.630919252933154
1236-52751-43,10.837157640217693
1237-52762-178,10.874944184358135
1237-52762-397,10.793341962040845
1237-52762-481,10.825516522636212
1239-52760-339,10.342155108187924
1242-52901-331,10.864935390260094
1263-52708-275,10.750273229371793
1264-52707-390,10.689528788138341
1268-52933-29,10.829733414136555
1268-52933-62,10.693962925151478
1269-52937-9,10.789600862248266
1270-52991-59,10.771136807338001
1271-52974-335,10.760941179946892
1272-52989-142,10.85645522369304
1272-52989-400,10.392354278489496
1272-52989-480,10.820655491159753
1275-52996-87,10.900064655265675
1275-52996-270,10.973133047442339
1275-52996-483,11.026372312257227
1275-52996-553,10.552832900442514
1276-53035-1,10.60934529667297
1276-53035-180,10.539498051669954
1277-52765-210,10.59838141647237
1278-52735-485,10.718054851759815
1278-52735-631,10.724593259473345
1282-52759-136,10.791305856609258
1283-52762-69,10.86277678801528
1283-52762-128,10.326185323126985
1284-52736-150,10.627122090290577
1287-52728-125,10.759423878134202
1291-52738-304,10.613144089355174
1291-52738-501,10.733357444340474
1295-52934-57,10.75071214213805
1296-52962-54,10.987953121886964
1296-52962-55,10.329362652578919
1299-52972-634,10.515588228769767
1300-52973-304,10.827587639030183
1301-52976-204,11.087020171869723
1302-52763-26,10.716151917438923
1309-52762-126,10.659521452955273
1309-52762-199,10.128396590963101
1310-53033-138,10.65073386844172
1310-53033-323,10.739992871223228
1311-52765-114,10.642680626326616
1311-52765-249,10.783300017439286
1312-52781-556,10.679040058285326
1313-52790-48,10.723955668346877
1313-52790-85,10.517710392191852
1313-52790-525,10.75708192200823
1314-53050-289,10.709035197931431
1319-52791-444,10.564960127657782
1322-52791-166,10.88232593906906
1322-52791-511,10.726404876878325
1323-52797-21,10.567862849948146
1323-52797-372,10.48877258834569
1323-52797-623,10.431511466099707
1324-53088-162,10.810600033486605
1324-53088-510,10.334492121137345
1324-53088-639,10.763563347414765
1325-52762-278,10.880103369610397
1325-52762-416,10.504504583100589
1327-52781-345,10.607779007957317
1329-52767-273,10.606000569055693
1331-52766-3,10.739248159343678
1331-52766-416,10.53566854449888
1333-52782-469,10.645198663413911
1337-52767-499,10.621910189202818
1337-52767-592,10.215979623392236
1339-52767-634,10.760300612830857
1340-52781-108,10.733859536062079
1340-52781-314,10.821038632613009
1341-52786-114,10.853582796421119
1341-52786-129,10.30786084214681
1342-52793-266,10.542789856607703
1343-52790-97,10.578070258042743
1343-52790-387,10.51660265993992
1344-52792-49,10.788630083237761
1344-52792-135,10.830903048457033
1347-52823-236,10.819443800760379
1347-52823-374,10.644653511499616
1347-52823-385,10.9826080256032
1347-52823-400,10.720852542617285
1347-52823-465,10.803718720801573
1348-53084-95,10.654782398226573
1348-53084-106,10.608169561448506
1349-52797-624,10.584388928201339
1352-52819-479,10.736661583206086
1356-53033-112,10.841874704077757
1356-53033-525,10.771934209919946
1357-53034-612,10.691820000818867
1359-53002-112,10.732912326562749
1359-53002-317,10.698147063212957
1362-53050-358,10.666203062531823
1364-53061-249,10.536463151534534
1364-53061-530,10.664213543029225
1369-53089-605,10.407581197149872
1371-52821-9,10.362217220165745
1372-53062-104,10.371254152707914
1372-53062-388,10.611757671429647
1374-53083-240,10.798532149026766
1375-53084-100,10.594132852673239
1375-53084-153,10.943234546246982
1375-53084-373,10.44004046333172
1376-53089-250,10.625028083400625
1377-53050-502,10.307044803981832
1378-53061-356,10.905928027312706
1379-53084-84,10.75554435029597
1379-53084-400,10.639366623292842
1380-53084-553,10.671560388763742
1382-53115-543,10.185344714900431
1384-53121-159,10.441272913670335
1384-53121-167,10.62605899601973
1385-53108-209,10.678196272205643
1385-53108-337,10.747286250646159
1386-53116-519,10.612667508241792
1390-53142-84,10.515558543386945
1390-53142-494,10.601455715961045
1391-52817-54,10.903885500979772
1391-52817-113,10.69758554386179
1391-52817-132,10.939500920380507
1391-52817-134,11.077975169216606
1391-52817-442,10.63049887505497
1391-52817-593,10.973035775671013
1392-52822-189,10.72791418086085
1392-52822-229,10.986692386599962
1392-52822-231,10.754944992629976
1392-52822-234,10.832265097075805
1392-52822-271,10.659461660766757
1392-52822-318,10.918709845514462
1392-52822-330,10.581385681900352
1392-52822-435,10.824123094239907
1393-52824-57,10.563603711685843
1393-52824-62,10.816918653176847
1393-52824-232,10.534475387584616
1393-52824-598,10.95333930739297
1394-53108-439,10.854187957297198
1395-52825-433,10.922096312171837
1395-52825-540,10.402060732308255
1396-53112-366,10.778431408043009
1401-53144-35,10.475459136392104
1402-52872-133,10.771243804859102
1404-52825-245,10.689748663196934
1404-52825-323,10.44411009575805
1406-52876-322,10.448529608582582
1406-52876-427,10.619503658899683
1409-52824-155,10.177305075024305
1409-52824-441,10.555921015078354
1409-52824-477,10.617449395558957
1409-52824-539,10.891372399078799
1415-52885-449,10.72372562954728
1416-52875-51,10.622714348448714
1416-52875-225,10.563693209528143
1416-52875-436,10.61789776890348
1416-52875-527,10.565922318949406
1417-53141-351,10.586092894660263
1417-53141-394,10.767346691293987
1417-53141-448,10.578095634467285
1418-53142-70,10.818034890905787
1418-53142-189,10.751324319704333
1419-53144-30,10.703347500265638
1420-53146-125,10.805580922957448
1420-53146-252,10.84501321517833
1420-53146-261,10.959803270119805
1421-53149-22,10.773003254196574
1421-53149-354,10.72784568691084
1423-53167-142,10.939308159418493
1424-52912-73,10.282547529193904
1424-52912-447,10.566822322893707
1425-52913-472,10.85416782544214
1426-52993-148,10.418400327348829
1426-52993-279,10.620024470330712
1427-52996-27,10.533993843310963
1427-52996-341,10.378932263484899
1427-52996-591,10.635929657301741
1428-52998-272,10.619625302604195
1428-52998-436,10.456362675147583
1429-52990-450,10.804640495676379
1431-52992-585,10.757506211532501
1435-52996-78,10.562380669170352
1435-52996-212,11.007767701323546
1436-53054-137,10.618212601739742
1437-53046-75,10.57570662987544
1439-53003-133,10.707457237941039
1439-53003-192,10.751873284198286
1439-53003-210,10.582216209171147
1439-53003-237,10.549557057137907
1439-53003-438,10.904700157317242
1442-53050-234,10.848669944743412
1443-53055-290,10.45882821782322
1445-53062-43,10.745698936385732
1445-53062-542,10.74910803379774
1446-53080-164,10.84554667516873
1449-53116-456,11.004856576935554
1449-53116-525,10.831162110953263
1450-53120-37,10.396343110373111
1450-53120-302,10.850265124301808
1451-53117-213,10.485998018570513
1452-53112-187,10.303109939169625
1453-53084-40,10.655229315761684
1454-53090-336,10.843815491775354
1456-53115-371,10.680603542066725
1456-53115-372,10.594274309685513
1456-53115-623,10.765815838528592
1457-53116-143,10.741299860133282
1457-53116-277,10.423657633450121
1460-53138-381,10.356246105939391
1460-53138-602,11.014091931983998
1461-53062-352,10.734759061921425
1461-53062-541,10.566787171997891
1462-53112-51,10.546076810354306
1464-53091-336,10.324120705092394
1465-53082-64,10.706041942166518
1465-53082-512,10.581392134676381
1465-53082-525,11.011477152510306
1466-53083-43,10.937617874151002
1466-53083-165,10.811935053642097
1466-53083-408,10.687599914180181
1567-53172-250,10.670076048835673
1573-53226-249,10.510349491668835
1574-53476-268,10.676027631344203
1574-53476-310,10.62071953538472
1575-53493-61,10.851167789055696
1575-53493-82,10.880536936621997
1575-53493-198,10.4098977944444
1575-53493-521,10.75527017444357
1577-53495-102,10.699559974306654
1579-53473-187,10.51028574623054
1582-52939-16,10.641362730928778
1582-52939-151,10.553194741541963
1582-52939-225,10.6970650989478
1582-52939-457,10.601931229836838
1583-52941-633,10.49743492037714
1584-52943-455,10.324378065724979
1587-52964-236,10.565117399385638
1587-52964-258,10.465110197576994
1588-52965-227,10.811794850894968
1588-52965-239,10.717489574228741
1588-52965-398,11.055504989812185
1589-52972-135,10.733790634017536
1590-52974-211,10.260763035813179
1591-52976-309,10.34841657397083
1592-52990-81,10.420187378583506
1592-52990-231,10.614226116422381
1595-52999-133,11.059053573810033
1597-52999-516,10.796472145874382
1599-53089-467,10.908391690050673
1600-53090-21,10.463799333767351
1600-53090-51,10.77611216691372
1601-53115-595,11.01576409000585
1602-53117-439,10.74702301846099
1604-53078-243,10.621281320342643
1606-53055-33,10.654585894612156
1607-53083-457,10.789926257743254
1608-53138-25,10.746676403624646
1609-53142-219,10.595917883997963
1609-53142-549,10.733400427919541
1609-53142-586,11.008761460658738
1612-53149-570,10.519633193546527
1613-53115-104,10.768288512499579
1613-53115-266,10.638779315588097
1614-53120-40,11.013593298416282
1614-53120-421,10.906627875531033
1614-53120-522,10.7421244426315
1615-53166-173,10.600287454688674
1615-53166-179,10.743474077612664
1616-53169-75,10.664980461670241
1617-53112-207,10.55077346792489
1618-53116-174,10.845356630894075
1620-53137-497,10.75575058283099
1620-53137-503,10.344485400009454
1620-53137-626,10.707241975131744
1621-53383-8,10.50805427569271
1621-53383-150,10.831998455891297
1625-53140-61,10.615856437078444
1625-53140-493,10.696521656224334
1626-53472-521,10.618959566886053
1627-53473-287,10.716137821881128
1627-53473-441,10.796138963200947
1628-53474-257,10.780154128093377
1642-53115-42,10.398261446004193
1642-53115-251,10.438726960877105
1642-53115-539,10.56554718767576
1643-53143-35,10.652454206469631
1644-53144-256,10.603203329789354
1645-53172-607,10.864285410164095
1646-53498-48,10.830343044013956
1646-53498-141,10.512317294212531
1646-53498-450,10.473969845707833
1646-53498-573,10.84887207671849
1647-53531-196,10.734847446929955
1647-53531-208,10.769025454123748
1648-53171-211,10.738264706829737
1649-53149-17,10.539082239315956
1649-53149-78,10.547668061244892
1649-53149-181,10.849953533225444
1649-53149-605,10.823953708654638
1650-53174-268,10.591715466343338
1650-53174-296,10.730133218669945
1652-53555-596,10.848550198755174
1654-53498-384,10.663289513749637
1654-53498-526,10.793319314095093
1655-53523-29,10.661257772385742
1655-53523-195,10.49105775163942
1655-53523-494,10.646508565501986
1655-53523-626,10.609344087918082
1656-53533-165,10.860380298910183
1657-53520-531,10.712521296061984
1657-53520-545,10.829689217239558
1657-53520-606,10.66025077102661
1668-53433-260,10.580768104286035
1669-53433-540,10.507685838768074
1671-53446-458,10.530435936449953
1672-53460-105,10.664865465182348
1672-53460-441,10.503861518558452
1672-53460-535,10.807979671224826
1673-53462-204,10.426433485562114
1673-53462-340,10.575289265361777
1675-53466-147,10.386758450172918
1675-53466-332,10.805353701083233
1675-53466-546,10.936167805019691
1675-53466-590,10.90131685835014
1677-53148-465,11.119034416142261
1678-53433-246,10.66992193910208
1678-53433-611,10.78937613374844
1680-53171-65,10.842348393921649
1680-53171-218,10.461142423193401
1681-53172-115,10.781503250522631
1681-53172-311,10.584807586658664
1681-53172-486,10.811589676478203
1682-53173-111,10.492149620832912
1682-53173-465,10.615016591877465
1682-53173-528,10.698363350590006
1682-53173-626,10.665340352031007
1683-53436-212,10.728183973811287
1684-53239-336,11.039080355859067
1687-53260-522,10.40235312654366
1689-53177-191,10.700032635241762
1690-53475-300,10.295820485460425
1691-53260-621,10.748589949443625
1692-53473-208,10.522594070533433
1695-53473-210,10.898175842754458
1696-53116-561,11.01412813920188
1697-53142-50,10.652694262530444
1697-53142-425,10.618338935108186
1698-53146-236,10.434645763943564
1699-53148-104,10.622680669014885
1699-53148-246,10.338602013911023
1699-53148-388,10.80111543774147
1699-53148-489,10.196852739227413
1700-53502-511,10.752400977223978
1701-53142-239,10.730709109906847
1701-53142-271,10.751294410816056
1703-53799-166,10.792899097301753
1704-53178-217,10.67966336607915
1705-53848-321,10.293346836657832
1707-53885-300,10.422730901444917
1707-53885-469,10.596207818387894
1709-53533-52,10.695060493499236
1711-53535-158,10.840563748141257
1711-53535-214,10.490628723046079
1711-53535-609,10.807650334569512
1712-53531-225,10.73105647641116
1713-53827-49,10.676443666060145
1713-53827-180,10.625956286101456
1713-53827-287,10.459617374537656
1714-53521-133,10.634147454839487
1714-53521-255,10.515301193445957
1714-53521-273,10.174895862499843
1714-53521-508,10.823083619541222
1715-54212-42,11.063321836310509
1715-54212-157,10.66746596210611
1715-54212-235,10.798858346105677
1717-53883-27,10.646285214058576
1717-53883-167,10.975625018010188
1717-53883-351,10.89112637567501
1717-53883-451,10.800274162453299
1717-53883-488,10.59325675270486
1718-53850-112,10.597661602847673
1718-53850-159,10.667451600754935
1719-53876-195,10.697983616317892
1719-53876-261,10.638314754095147
1719-53876-262,10.684129774029579
1720-53854-121,10.596817008333186
1720-53854-397,10.959528108323575
1720-53854-432,10.870174246970953
1721-53857-479,10.747981668358689
1721-53857-494,10.647639173343498
1721-53857-500,10.406751467263689
1722-53852-302,10.325328398346668
1723-53905-275,10.682287773582438
1724-53859-25,10.358932634250358
1726-53137-227,10.504022402286184
1726-53137-239,10.470371991534913
1726-53137-356,10.939975132636688
1727-53859-337,10.593917409204844
1727-53859-340,10.711164557235383
1729-53858-268,10.902483556177273
1729-53858-577,10.804749748448893
1730-53498-236,10.620348938544938
1730-53498-311,10.49356664477352
1732-53501-612,11.070694785518107
1733-53047-88,10.661333262673969
1733-53047-178,10.78046864033279
1734-53034-295,10.585650854521303
1734-53034-315,10.912304200243609
1736-53052-457,10.92567688828183
1738-53051-85,10.796965956106822
1739-53050-60,10.809879653915988
1740-53050-250,10.307556581758005
1740-53050-617,11.034145869520104
1743-53054-287,10.981169595850318
1743-53054-559,10.944912127142862
1744-53055-283,10.623827663989067
1750-53358-574,10.91654956970802
1752-53379-25,10.624230345130693
1752-53379-135,10.661396831968554
1753-53383-441,10.844506859263674
1753-53383-617,10.67819502450392
1754-53385-154,10.867418495985328
1755-53386-245,10.678396840815802
1756-53080-547,10.898144622161647
1757-53083-571,10.853069730995033
1760-53086-493,10.518170189590123
1761-53376-249,10.62238585933223
1764-53467-318,11.117035271299898
1765-53466-259,10.573577439679633
1767-53436-90,10.626586915267096
1769-53502-438,10.7911662317133
1769-53502-497,10.528781373582646
1770-53171-481,10.62309073447253
1771-53498-43,10.870195669364627
1772-53089-579,10.735271912505864
1772-53089-615,10.759430025162477
1777-53857-523,10.401183540412802
1778-53883-224,10.79908739255439
1778-53883-480,10.941963218119614
1779-53089-120,10.782416372800919
1780-53090-394,10.712375284169042
1781-53297-443,10.647286164578212
1790-53876-69,10.739777645618977
1790-53876-150,10.58521499878971
1790-53876-426,10.919821951008313
1790-53876-438,10.540341830356457
1791-54266-41,10.896330675769644
1792-54270-48,10.705731581311758
1792-54270-391,10.958066561333496
1792-54270-612,10.717182028925093
1794-54504-184,10.80863987291596
1795-54507-12,10.750864586654652
1796-53884-393,10.670799530449274
1796-53884-451,10.624468459728096
1797-54507-64,10.434872756465948
1797-54507-153,10.384698368234671
1797-54507-484,10.490740159874646
1797-54507-495,10.712900883345464
1797-54507-566,10.831624251523092
1799-53556-408,10.888238061649448
1800-53884-273,10.685020803748184
1800-53884-493,10.883508709939685
1801-54156-13,10.90715689722296
1801-54156-197,10.686896803158254
1801-54156-635,10.656485454415794
1802-53885-382,10.531628572731542
1803-54152-454,10.896135850137785
1804-53886-348,10.582156509376226
1806-53559-473,10.782288470682111
1806-53559-481,10.570870572403997
1808-54176-629,10.921134268979344
1810-53794-31,10.610667882303108
1810-53794-48,10.666827736698297
1810-53794-210,10.678266337584972
1810-53794-234,10.542623877975892
1811-53533-270,11.172878866681177
1812-53795-528,10.694045104946749
1812-53795-608,10.78521587083927
1812-53795-613,10.622149721960568
1813-53903-451,10.867835343183899
1815-53884-501,10.873557870701895
1816-53919-17,10.722702537632546
1816-53919-178,10.82233777091687
1816-53919-334,10.639847324749955
1817-53851-51,10.362242924804299
1817-53851-68,10.744612580728742
1817-53851-92,10.663492354012783
1817-53851-126,10.710942935185644
1817-53851-183,10.82977677573621
1817-53851-440,10.562096141596719
1818-54539-251,10.427423576180459
1818-54539-411,10.531662833143558
1818-54539-536,10.351207318625647
1818-54539-578,10.908617301755665
1819-54540-237,10.753257297406067
1819-54540-309,10.590034430136628
1819-54540-533,10.627737814284094
1819-54540-541,10.570603762889663
1820-54208-466,10.884394021293907
1821-53167-468,11.073951592324402
1822-53172-559,10.510191059779977
1822-53172-612,10.987239560364996
1823-53886-85,10.685979661705309
1823-53886-90,10.88101592516537
1824-53491-453,10.608829960843188
1824-53491-478,10.71965165774155
1825-53504-277,10.796806540743253
1825-53504-556,10.803372813395256
1826-53499-55,10.941446894662223
1826-53499-324,10.394972068028277
1828-53504-87,10.56051230150086
1830-54560-78,10.360820497482777
1830-54560-218,10.942670929077336
1830-54560-255,10.908035970527735
1830-54560-364,10.972476423060726
1830-54560-466,10.598569836495727
1832-54259-166,10.647421184607223
1832-54259-485,10.71971212911866
1832-54259-486,10.437081105790913
1832-54259-520,10.746652008120321
1833-54561-23,10.382969939710462
1833-54561-256,10.606210987193789
1833-54561-407,10.746680444887597
1833-54561-418,10.62468894522677
1834-54562-93,10.506557519664222
1834-54562-195,10.60514933746289
1834-54562-410,10.666046542680487
1835-54563-55,10.44921335825065
1835-54563-164,10.790895859702045
1835-54563-452,10.94139255037993
1837-53494-282,10.621190648854313
1839-53471-162,10.463120419099951
1839-53471-540,10.614558269073253
1840-53472-365,10.83593601355359
1841-53491-556,10.757558677117634
1842-53501-224,10.515147693506334
1842-53501-281,11.154879673624205
1842-53501-337,10.587673374836012
1843-53816-514,10.685456604326136
1844-54138-32,10.84332779005685
1844-54138-428,10.897123319028932
1845-54144-547,10.558935932828838
1846-54173-58,10.669542233644206
1846-54173-181,10.39350925433035
1846-54173-243,10.673502494753231
1846-54173-435,10.557088613011599
1847-54176-51,10.627573914663518
1847-54176-493,10.393289958319539
1850-53786-401,10.687337497675914
1851-53524-27,10.528799339612705
1852-53534-12,10.680802241909385
1853-53566-396,10.916481867232974
1854-53566-227,10.582674153252201
1854-53566-446,10.685825000320314
1865-53312-316,10.60690840311877
1866-53314-100,10.56071709333679
1866-53314-372,10.791831575822776
1866-53314-413,10.47311262701154
1867-53317-366,10.899270969924773
1867-53317-569,10.729443038883645
1868-53318-430,10.956655174177044
1869-53327-356,10.421905784638197
1869-53327-362,10.893582541812423
1869-53327-534,10.817446309925256
1870-53383-133,10.470889343252137
1870-53383-609,10.51540432995536
1871-53384-322,10.705228065021934
1872-53386-202,10.401440480594227
1875-54453-439,10.841412986472145
1877-54464-309,10.340387065786889
1877-54464-447,10.771282791151668
1921-53317-387,10.681010813101475
1922-53315-525,10.48507589411256
1926-53317-211,10.635449946734925
1926-53317-265,10.926201629684257
1926-53317-508,10.735011301258455
1928-53327-67,10.915272689092161
1928-53327-188,10.609988320579163
1928-53327-313,10.67263187701647
1928-53327-596,10.86000689524536
1930-53347-96,10.834776976980354
1930-53347-182,10.871359633741505
1931-53358-369,10.493618473988757
1931-53358-504,10.772002735655827
1931-53358-516,10.88780761017814
1931-53358-583,10.881208410788295
1931-53358-638,10.704350978809229
1932-53350-68,10.78597276196518
1935-53387-235,10.803083419039703
1936-53330-319,10.776600696737155
1936-53330-474,10.520040104575934
1937-53388-61,10.592465729919107
1941-53386-88,10.644642191967677
1941-53386-340,10.76048615439728
1942-53415-430,10.469976043720843
1942-53415-569,10.678826692305375
1946-53432-354,10.942497586742432
1948-53388-198,10.708860123482083
1949-53433-280,10.677990144308168
1949-53433-425,10.583597456058438
1949-53433-546,10.670192812834383
1951-53389-131,10.727856525616277
1955-53442-440,10.324231100492026
1976-53401-152,10.70876096318921
1976-53401-494,10.649170637956086
1976-53401-636,11.033921351607454
1978-53473-82,10.653236801423054
1978-53473-503,10.517037303524257
1980-53433-208,10.574826377878848
1980-53433-509,10.636669047461822
1980-53433-551,10.656520503169737
1981-53463-300,10.812030005735375
1983-53442-567,10.534274543652387
1984-53433-339,10.469766934130979
1986-53475-107,10.647155118874915
1988-53469-184,10.54831934100647
1990-53472-105,10.747120731649906
1990-53472-410,10.741269612780469
1991-53446-179,10.528890241551185
1993-53762-597,10.636614939826515
1994-53845-269,10.714422877482454
1995-53415-290,10.786581121356926
1996-53436-515,10.346805838603192
1997-53442-63,10.631326600766847
1997-53442-123,10.363844845398154
1998-53433-574,10.590861294877339
1999-53503-473,10.743888817570172
2002-53471-249,10.960481189196695
2004-53737-139,10.67886943530743
2006-53476-135,10.490816803633583
2007-53474-51,10.730040245127965
2007-53474-70,10.810088633407526
2007-53474-443,10.760273675903928
2009-53904-185,10.75798240052372
2009-53904-313,10.406324429695475
2009-53904-325,10.70142609209288
2010-53495-570,10.883781426810147
2011-53499-24,10.629727164532936
2011-53499-205,11.216536398342427
2012-53493-327,10.499477667177725
2013-53818-44,10.502577911689293
2013-53818-88,10.648578089256397
2013-53818-546,10.7507846913881
2015-53819-578,10.648134368465739
2017-53474-339,10.687190183795293
2019-53430-292,10.806882710821093
2019-53430-427,11.031408383802576
2021-53475-72,10.804980824371142
2021-53475-616,10.570187555821803
2022-53827-472,10.658157670100692
2022-53827-546,10.709423048556534
2023-53851-415,10.461451896070827
2024-53503-51,10.886169820331709
2025-53431-62,10.738300763207683
2025-53431-407,10.532247781344795
2025-53431-462,10.568063021324429
2030-53499-42,10.780582642851702
2030-53499-286,10.906150663505741
2030-53499-444,10.710237321464076
2033-53476-133,10.680339798494728
2033-53476-295,10.513256256454115
2033-53476-419,10.902388650163536
2033-53476-441,10.639713621004846
2033-53476-447,10.700162580220463
2034-53466-95,10.663680977671183
2036-53446-245,10.313045385578643
2080-53350-16,10.77581180218237
2087-53415-47,10.646438423207949
2087-53415-52,10.583254767531173
2087-53415-396,10.503133531751168
2088-53493-152,10.64912755523002
2088-53493-460,10.543540369922956
2089-53498-90,10.391479388043805
2089-53498-138,10.669359492829463
2092-53460-362,10.759334980179442
2092-53460-469,10.626993485904451
2092-53460-599,10.379120371351966
2093-53818-249,10.55092098358949
2093-53818-427,10.790145678460142
2094-53851-18,10.601413917830653
2094-53851-166,10.48190129000663
2094-53851-366,10.447837591718168
2095-53474-325,10.725539103454409
2095-53474-365,10.78772303894416
2097-53491-446,10.503915946205902
2100-53713-221,10.87030027336146
2100-53713-400,10.710278415759706
2100-53713-473,10.711001953681409
2102-54115-489,10.644453304762305
2103-53467-307,10.648110485888566
2103-53467-311,10.457705793608978
2103-53467-313,10.450613083113748
2103-53467-407,10.921844801562147
2104-53852-309,10.265964751866667
2105-53472-6,10.76113365520934
2105-53472-392,10.55539767408781
2106-53714-45,10.690441807595853
2108-53473-608,10.335222185557027
2108-53473-639,10.864664459284983
2109-53468-233,10.525500460995694
2110-53467-412,10.4771788649091
2111-53467-92,10.596085643691927
2114-53848-202,10.701010924230776
2114-53848-204,10.796382215189132
2114-53848-205,10.44808891014924
2114-53848-211,10.520611132387506
2114-53848-214,10.43854312131036
2114-53848-260,10.40321537145569
2114-53848-291,10.919156147000491
2114-53848-481,10.704050492265404
2114-53848-526,10.681296268830318
2115-53535-11,10.266761816344456
2115-53535-141,10.243943084658213
2115-53535-462,10.64573968047324
2116-53854-180,10.552056137794889
2118-53820-542,10.956877467643846
2118-53820-545,10.681117273930269
2119-53792-3,10.830131771590638
2119-53792-561,10.599615348623756
2120-53852-337,10.459119864558241
2120-53852-431,10.792535286250551
2120-53852-516,10.655785648713241
2124-53770-41,10.634486369459665
2124-53770-148,10.754898276614579
2124-53770-282,10.776967240396845
2126-53794-141,10.763153679872298
2126-53794-158,10.57332769380984
2126-53794-348,11.097834624294547
2127-53859-265,10.660175184082298
2127-53859-368,10.675647985468578
2127-53859-376,10.734521432205977
2131-53819-354,10.563117014390327
2131-53819-474,10.534610409376409
2131-53819-515,10.27624495053346
2132-53493-24,10.821106586580386
2132-53493-537,10.534814202899877
2132-53493-583,10.967483117860947
2132-53493-633,10.585540717158995
2133-53917-171,10.622295998322345
2134-53876-639,10.459988492482735
2135-53827-19,10.747448617405011
2135-53827-467,10.749210406322229
2137-54206-171,10.710956686041449
2137-54206-585,10.632147521679833
2139-53878-392,10.656557912831717
2139-53878-605,10.531701368896128
2142-54208-227,10.931695960507467
2142-54208-376,10.78530372836271
2142-54208-573,10.469879356512038
2143-54184-359,10.656624573077787
2143-54184-469,10.743370608103062
2143-54184-504,10.736913452970656
2144-53770-320,10.49024553718096
2145-54212-149,10.569179855236229
2145-54212-625,10.618661901443314
2147-53491-576,10.972944256764551
2148-54526-111,10.69291756825952
2150-54510-457,10.982400033256507
2151-54523-57,10.59984534037237
2151-54523-107,10.625361421866337
2151-54523-213,10.605310042317857
2151-54523-346,11.066559252634777
2153-54212-179,10.414288567183174
2156-54525-40,10.210468632944433
2156-54525-121,10.422496383367289
2156-54525-232,10.323859053036621
2156-54525-239,11.229598943027186
2157-54242-340,10.627378858425292
2157-54242-452,10.809793197872057
2157-54242-540,10.875258756786355
2157-54242-557,10.590642382681123
2157-54242-567,10.418202867529887
2159-54328-426,10.35458224461024
2159-54328-538,10.66441388884707
2161-53878-25,10.809421984337428
2161-53878-166,10.692307628302249
2161-53878-534,10.669123640862253
2162-54207-538,10.812669178260672
2165-53917-174,10.947132739793833
2166-54232-251,10.911410815356223
2166-54232-258,10.319010431313112
2166-54232-461,10.584792410995613
2166-54232-507,10.580103674650601
2168-53886-31,10.712794129979965
2168-53886-599,10.585755916075108
2169-53556-617,10.779812804883154
2172-54230-604,10.509154192077116
2173-53874-349,10.692122934903988
2173-53874-598,10.607882526342843
2196-53534-144,10.460977575022268
2196-53534-214,10.3852916742542
2196-53534-521,10.508956976464969
2197-53555-240,10.546855271052204
2197-53555-269,10.555999152624558
2197-53555-429,10.415679662468873
2199-53556-211,10.570718400153744
2200-53875-209,10.352190554668102
2202-53566-428,10.581113035072716
2203-53915-199,10.830395687113953
2203-53915-495,10.298482903284464
2204-53877-138,10.61973858091491
2205-53793-544,10.779064673728625
2211-53786-103,10.568827184827914
2211-53786-386,10.738084909269933
2211-53786-390,10.473376914311448
2213-53792-37,10.772570753634854
2213-53792-140,10.25606903164272
2213-53792-226,10.358372770403179
2213-53792-433,10.569701695227462
2215-53793-67,10.55832490076846
2215-53793-216,10.606054092408197
2216-53795-131,10.58061368082551
2216-53795-403,10.497485786608578
2216-53795-446,10.668321841323728
2218-53816-248,10.747565789511054
2219-53816-87,10.66822776927314
2219-53816-290,10.628526780595314
2219-53816-488,10.92075886782215
2220-53795-440,10.708086621394719
2221-53792-145,10.297821860180186
2224-53815-193,10.561215683749797
2224-53815-575,10.731607294409251
2225-53729-165,10.67222162884722
2227-53820-10,10.79786480734293
2227-53820-516,10.335589023591735
2229-53823-338,10.758070582938677
2230-53799-22,11.121925653714426
2230-53799-443,10.750115507480746
2230-53799-621,10.669850522879452
2233-53845-373,10.65711268929461
2233-53845-453,10.646458455358106
2237-53828-623,10.821797601296934
2239-53726-270,10.882905690887664
2239-53726-523,10.714240713581669
2240-53823-68,10.475671984987969
2240-53823-476,10.307574226978307
2240-53823-491,10.332880930646809
2240-53823-541,10.332801472151663
2241-54169-168,10.792597157326407
2241-54169-391,10.223641427467692
2241-54169-491,10.550797577933086
2241-54169-500,10.281571392995351
2241-54169-510,10.268800387514695
2241-54169-576,10.268440369606761
2242-54153-440,10.16175235931696
2242-54153-457,10.231719283227571
2242-54153-509,10.903953397949456
2244-53795-266,10.623410475309546
2244-53795-389,10.484639382410226
2246-53767-68,10.78705437982786
2246-53767-385,10.755712068053356
2246-53767-409,10.687880125397133
2246-53767-465,10.9206839377668
2246-53767-480,10.423811777227009
2266-53679-176,10.60963185293988
2269-53711-251,10.692397631812353
2270-53714-195,10.828277662589564
2271-53726-307,10.554186594490751
2272-53713-60,10.526774594563022
2273-53709-172,10.70678199782753
2274-53726-496,10.82488401195051
2276-53712-258,10.507682990291698
2278-53711-359,10.372725816360091
2279-53708-191,10.714417709282298
2282-53683-557,10.596249617524506
2283-53729-538,10.713524890790334
2283-53729-567,10.795436367836544
2284-53708-138,10.716323028386546
2288-53699-166,10.579165635937342
2290-53727-173,10.289152254839802
2292-53713-561,10.636211824245594
2292-53713-578,10.943173487026593
2293-53730-629,10.573989347955017
2294-54524-593,10.358835009859632
2295-53734-417,10.980435698139601
2296-53735-106,10.975038957525342
2296-53735-114,10.814544927660432
2297-53738-392,10.817153297810519
2298-53737-567,10.929374075096842
2342-53742-5,10.737523101391396
2342-53742-48,10.77393836766251
2342-53742-109,10.760113488025949
2342-53742-214,10.439438034990369
2343-53735-140,10.347311446096116
2343-53735-454,10.658278264732388
2344-53740-343,10.926492359580566
2346-53734-22,10.540398150050564
2346-53734-77,10.881148260742597
2349-53734-301,10.362293371475813
2349-53734-319,10.426184913755096
2351-53786-525,10.368469486460185
2352-53770-100,10.393909367781546
2352-53770-264,10.675935881829783
2354-53799-621,10.912078139344441
2356-53786-409,10.663765959771977
2358-53797-382,10.786227005540168
2359-53826-467,10.810425796554867
2359-53826-562,10.262151216769102
2363-53763-198,10.567594603821485
2364-53737-147,10.847124341507687
2366-53741-603,10.532322924548634
2367-53763-614,10.702499030413781
2370-53764-307,10.468750452254566
2371-53762-283,10.450829351395727
2371-53762-397,10.4771268644114
2371-53762-430,11.011098133158633
2419-54139-509,10.292947708704453
2421-54153-152,10.408750360604117
2423-54149-178,10.536195213681237
2423-54149-471,10.91009472323725
2424-54448-523,10.323908931610859
2424-54448-628,10.826709928346096
2426-53795-586,10.971518229995837
2427-53815-138,10.435845091496445
2427-53815-405,10.784516590127966
2428-53801-6,10.907154295124965
2429-53799-25,10.812298981195374
2432-54052-27,10.662034589568277
2432-54052-300,10.823603832066418
2433-53820-331,10.840794375868509
2434-53826-475,10.866185573083023
2435-53828-39,11.063557421179741
2435-53828-177,10.559328995659218
2435-53828-355,10.93365859293146
2435-53828-504,10.501857731528697
2438-54056-340,10.81773233917092
2438-54056-369,10.73289120120093
2439-53795-247,10.661851072773791
2439-53795-422,10.675190381969829
2477-54058-277,10.499362657758255
2478-54097-235,10.634650684994567
2479-54174-76,10.896979320126222
2479-54174-346,10.831148606269297
2479-54174-415,10.481370432812698
2479-54174-438,10.504780150142269
2480-53851-1,10.785159569024255
2480-53851-347,10.6836871409403
2482-54175-97,10.805245183222048
2482-54175-139,10.712253091685929
2482-54175-191,10.60115558371173
2484-54144-210,10.79532486564013
2484-54144-328,10.361708904097792
2485-54176-131,10.860126494684362
2487-53852-26,10.712576179848233
2487-53852-287,10.816160482378397
2487-53852-422,10.636797429088482
2487-53852-493,10.740298605904858
2490-54179-484,10.833709824017598
2491-53855-243,10.641733299573668
2492-54178-608,10.689011611962547
2495-54175-588,11.074357960244685
2495-54175-627,10.693178010031806
2499-54176-114,10.69010930976756
2500-54178-508,10.756921211932081
2500-54178-520,10.619928545974119
2501-54084-572,10.68711531145844
2502-54180-88,10.676979436949694
2502-54180-329,10.362595222717504
2502-54180-527,10.604271913559263
2502-54180-583,10.56400757224774
2508-53875-598,11.037480513247038
2509-54180-229,10.141567264264083
2509-54180-239,10.368625911033725
2509-54180-425,10.734200972644361
2509-54180-462,10.615285132686376
2514-53882-299,10.933215939813463
2522-54570-213,10.879247061432158
2522-54570-479,10.471878948315114
2524-54568-109,10.455484541132078
2524-54568-487,11.026306921628516
2525-54569-267,10.300586310779531
2525-54569-501,10.597772524171829
2528-54571-611,10.86109832819853
2531-54572-241,10.767680375946298
2533-54585-73,10.77540425207308
2533-54585-183,10.747300201099176
2533-54585-422,10.82990291065791
2533-54585-521,10.713065977291777
2572-54056-273,10.58783362642311
2574-54084-180,10.997079108503579
2574-54084-322,10.78197711903132
2575-54085-85,10.517728387643894
2576-54086-465,10.908222394539662
2577-54086-403,10.720302537884836
2577-54086-543,10.599240364314674
2578-54093-82,10.887777230746348
2578-54093-330,10.653361319256456
2579-54068-221,10.844518634634326
2580-54092-364,10.987415812411374
2582-54139-586,10.781478665856172
2583-54095-40,10.732783711944487
2583-54095-366,10.743465207337536
2584-54153-52,10.457880243704547
2584-54153-165,10.744881050593202
2584-54153-471,10.540345489013902
2585-54097-281,10.714699835027007
2585-54097-289,10.701632774370346
2585-54097-402,10.609250800162245
2586-54169-148,10.955922174911136
2588-54174-477,10.355052636794886
2589-54174-290,10.720121399684494
2596-54207-42,10.850857862367976
2598-54232-330,10.627781230654609
2599-54234-2,10.502831785529624
2599-54234-17,10.651124963059107
2599-54234-56,10.404530751888908
2599-54234-152,10.780114185206738
2599-54234-619,10.979183111107092
2599-54234-637,10.504744569096998
2600-54243-187,10.783311414632129
2600-54243-291,10.981945407336397
2600-54243-346,10.585789712615457
2600-54243-351,10.730568560046295
2600-54243-414,10.484207675560508
2600-54243-555,10.722037217625749
2601-54144-210,10.98949622512332
2603-54479-181,10.796626683330027
2603-54479-355,10.458323389707012
2603-54479-447,10.78160769114819
2604-54484-628,10.796165981927368
2605-54484-11,10.496372342980617
2605-54484-497,10.639982901876854
2605-54484-622,10.976018254397617
2606-54154-257,11.094045693087526
2606-54154-296,10.851329997579853
2607-54184-45,10.881529143775976
2607-54184-127,10.57670080060633
2607-54184-403,10.487670161303475
2608-54474-462,10.565683203283047
2608-54474-528,10.445519937783695
2609-54476-105,10.519487445148572
2609-54476-171,10.482397841088668
2609-54476-387,10.623142110307285
2609-54476-520,10.311625404386945
2610-54476-9,10.87874793602863
2610-54476-548,10.541091722980816
2611-54477-224,10.855013828392494
2611-54477-520,10.549329185321218
2613-54481-81,10.647344145776914
2615-54483-254,10.446248268347338
2616-54499-76,10.551892715253272
2616-54499-295,10.473648799486968
2616-54499-326,10.980141125723343
2616-54499-348,10.62864854656427
2617-54502-128,10.920044636256469
2617-54502-245,10.767586193910374
2617-54502-265,10.642480799984662
2618-54506-207,10.372707436863678
2619-54506-120,10.587402301383563
2619-54506-600,10.811966698595834
2641-54230-440,10.639926290920457
2643-54208-558,10.546596686599424
2646-54479-463,10.744158362263542
2646-54479-518,10.691993646574723
2649-54212-14,10.760084376949672
2649-54212-36,10.748687631328671
2649-54212-258,10.461649111500956
2650-54505-152,10.728629032394537
2650-54505-185,10.768852105678997
2651-54507-430,10.45426527815306
2651-54507-467,10.933324940231854
2656-54484-118,10.66644546747907
2656-54484-128,10.982304950336564
2656-54484-211,10.914435969915449
2658-54502-15,10.542208613375045
2659-54498-15,10.567458407172712
2660-54504-537,10.708785496121177
2661-54505-126,10.470780251078544
2661-54505-333,11.028997955238387
2664-54524-342,10.595132140230074
2744-54272-79,10.758490061677502
2744-54272-85,10.741438402942473
2744-54272-431,10.949045027397924
2744-54272-560,10.53013589730942
2744-54272-630,10.903687684347888
2747-54233-505,10.695046964335004
2748-54234-388,10.76698122343847
2752-54533-461,10.598236175136789
2754-54240-231,10.553435233609461
2754-54240-454,10.925324273735066
2755-54507-226,10.963362227763117
2756-54508-336,10.496149491629382
2756-54508-614,10.508085566754664
2757-54509-127,10.53713476041309
2757-54509-312,10.680601224731133
2757-54509-373,10.548823683894584
2757-54509-516,10.917083771848665
2759-54534-230,10.485776238070054
2760-54506-238,10.479672102165415
2760-54506-589,10.623044687824466
2761-54534-296,10.633731968651706
2761-54534-362,10.763796283070954
2761-54534-520,10.670565354781795
2764-54535-362,10.632154743029126
2765-54535-282,10.80347053027974
2766-54242-54,10.807969940292486
2767-54243-525,10.609992721558866
2768-54265-57,10.762132755972221
2770-54510-351,10.493177911077794
2773-54533-443,10.640949117841389
2775-54535-567,10.194782190068423
2775-54535-570,10.830191717103602
2776-54554-76,10.323283438925385
2776-54554-396,10.59351143257059
2777-54554-86,10.81453036148147
2777-54554-193,10.68436806135879
2777-54554-506,10.54999746743228
2778-54539-388,10.603409829527507
2780-54557-404,10.903049240858607
2782-54592-637,10.39648435897854
2783-54524-156,10.780287606887798
2784-54529-557,10.72607617070496
2785-54537-48,10.931343342892152
2785-54537-82,10.575575615633971
2786-54540-72,10.850547605678743
2788-54553-539,10.816878556441017
2794-54537-17,10.653615209828756
2794-54537-124,10.435456598752939
2795-54563-574,10.68517183756852
2881-54502-532,10.343094858046534
2881-54502-556,10.387904203311686
2883-54525-474,10.825257274887859
2886-54498-405,10.74606268906315
2886-54498-445,10.414580375799938
2947-54533-47,10.660852866936894
2949-54557-66,10.619178298335143
2949-54557-348,10.561606520798707
2951-54592-618,10.38763052897614
2953-54560-431,10.57542553529053
2954-54561-264,10.713590217518295
2967-54584-63,10.808723256579741
2967-54584-219,10.806085781758693
2967-54584-266,10.697938384362736
2967-54584-294,10.8744431083324
2968-54585-111,10.572909075850593
2969-54586-347,10.891100146411016
2970-54589-150,10.748717301391224
2972-54586-115,10.634490188252682
2972-54586-251,10.561521425769191
