Nome,3.3
266-51630-177,11.154557377567995
267-51608-125,11.140235523718566
268-51633-98,11.423414411845576
268-51633-369,10.98571391864962
268-51633-509,11.455547694602519
268-51633-625,11.031660482907675
269-51910-214,11.346117280757287
269-51910-271,11.109307148609032
270-51909-42,10.932761312480599
270-51909-113,11.278082072387972
270-51909-618,11.376204947902773
271-51883-175,11.011147494303035
271-51883-265,11.364484818717152
274-51913-252,11.347341128037275
275-51910-610,11.405882845805174
276-51909-436,11.20060349621953
277-51908-382,11.221291535237793
279-51984-225,11.086868746926447
279-51984-516,11.567443232521153
279-51984-595,11.104039585502072
280-51612-145,11.011037161582125
280-51612-441,11.05092049320482
283-51959-453,11.285832270528747
284-51943-559,11.332856890032192
285-51930-140,11.022274832282136
286-51999-432,11.25242378132146
290-51941-245,11.143528220870747
291-51928-156,11.242817789493346
291-51928-439,11.263510146671491
291-51928-571,11.221330527780664
292-51609-393,11.208446175935196
294-51986-253,11.431388150837082
295-51985-410,11.445548817417327
295-51985-486,11.30027872175627
295-51985-634,11.38752791159268
296-51984-230,11.275272925902758
296-51984-233,11.145164005301853
296-51984-422,11.162702806036112
297-51959-198,11.207420972810757
297-51959-467,11.246615806877822
299-51671-590,11.189730265423952
302-51688-99,11.102463356084451
302-51688-176,10.93876269812548
302-51688-623,10.902134163767505
302-51688-636,10.98509386121035
303-51615-75,11.392560821436945
303-51615-278,11.203596018857306
303-51615-552,11.193985270340985
304-51609-90,10.94704194870798
305-51613-506,11.341373843610079
306-51637-72,11.280422563597806
307-51663-385,10.879158876632212
310-51990-71,11.306617871963336
310-51990-74,11.20862286441265
310-51990-390,11.225245499194259
311-51665-186,11.532855767532245
311-51665-605,11.30324490386413
313-51673-26,11.321070624761074
313-51673-153,10.767739731809902
313-51673-414,11.18987414046368
315-51663-557,11.161290340169234
315-51663-581,10.98421437605679
328-52282-505,11.109439630730991
328-52282-507,11.097258295710594
329-52056-140,11.07513521800006
330-52370-600,11.306406367145325
332-52367-535,11.161576647591714
333-52313-428,11.294435322689958
334-51993-57,11.070203091221185
334-51993-240,11.122846415829903
336-51999-580,11.501339619980104
337-51997-365,11.17313379114648
337-51997-366,11.196200671441668
337-51997-415,11.236853694958347
337-51997-417,11.26465934084467
337-51997-450,11.33769152496499
338-51694-459,11.166913533131432
338-51694-464,11.174885549489662
338-51694-468,11.450133693924096
338-51694-495,11.252165923333617
339-51692-192,11.267455415770591
339-51692-276,11.152101323516476
339-51692-422,11.171013455572583
339-51692-594,11.388459459674694
339-51692-603,11.253619004326042
339-51692-609,11.159429737171182
340-51990-389,11.249124138873833
340-51990-390,11.15739274081234
341-51690-133,11.523552516775972
341-51690-542,11.2225927231625
350-51691-90,11.075279129232399
350-51691-92,11.0657910597386
350-51691-251,11.162704449931926
351-51695-578,11.432033231764732
355-51788-290,11.251147320340166
359-51821-368,11.06797637864823
362-51999-296,11.220007226409278
363-51989-174,11.300281898815358
363-51989-279,11.245015631068663
363-51989-494,11.294718303939302
367-51997-234,11.677572856524463
371-52078-283,11.478375685553052
371-52078-335,11.312244891960402
374-51791-118,11.32607497878722
374-51791-182,11.317484511555163
374-51791-405,11.36679134171636
376-52143-78,11.454529494290462
376-52143-471,11.077245590616155
378-52146-611,11.06563625623344
379-51789-562,11.169554631214835
380-51792-509,11.094333547791258
382-51816-366,10.831142885321146
383-51818-381,11.085192204693422
384-51821-577,11.60929865635094
385-51783-354,11.425790822881897
387-51791-465,11.129222161456557
387-51791-552,11.096017259615403
389-51795-62,10.980062629158208
390-51900-586,11.01811477276146
392-51793-86,11.18953812656909
394-51913-40,11.415719196147398
395-51783-177,10.954791236883072
398-51789-76,11.179291195768688
398-51789-448,11.24960778288474
399-51817-171,11.22805851069158
399-51817-427,11.493652811955947
402-51793-221,11.221920827600984
403-51871-54,10.818388714492828
403-51871-403,11.257787368214325
404-51812-67,11.121997361348102
404-51812-287,10.875997608613988
404-51812-312,11.280446883910354
407-51820-132,11.138727551255753
407-51820-343,11.018382634099824
407-51820-609,11.135489634230126
409-51871-427,11.125067965497564
411-51817-41,11.176813956878222
412-52258-514,10.717005188917815
415-51810-134,11.02572708778463
418-51817-199,11.032370932987638
418-51817-630,11.075811710987368
419-51879-439,11.183917525982368
422-51811-139,11.321008784620993
422-51811-166,11.429700952408329
426-51882-200,11.26511338098889
428-51883-211,10.923057971437906
430-51877-325,11.16467665460532
432-51884-170,11.019903294966051
432-51884-470,11.161485493500034
435-51882-509,11.42170547682631
435-51882-538,11.174888210341443
437-51876-144,11.118364761895903
439-51877-40,10.969361839696905
439-51877-165,11.269734283197938
441-51868-111,10.938413301315123
442-51882-108,10.992913263326436
442-51882-146,11.036297264833781
443-51873-598,11.021831673929066
443-51873-633,10.920462706650705
444-51883-147,11.28502220259462
444-51883-626,11.305017510332103
445-51873-567,11.363910454064204
445-51873-581,11.32567201842429
445-51873-622,11.011487482457296
446-51899-71,11.087363656216919
447-51877-460,11.302675128253828
448-51900-180,10.789883857960762
448-51900-411,11.23312984244566
448-51900-518,11.38345240528456
449-51900-193,11.227298028611282
450-51908-367,11.159806421331513
452-51911-333,11.326497370873064
453-51915-343,11.227603058945167
457-51901-570,11.503135462123494
459-51924-211,10.97092292553909
467-51901-71,11.363617115688351
467-51901-272,11.364012194377564
467-51901-458,11.115517693341612
468-51912-262,11.456197946035187
471-51924-95,11.258311893790182
472-51955-78,11.350474360259758
472-51955-82,11.233990526391434
475-51965-39,11.176329907672836
475-51965-84,11.364597839271134
476-52314-257,10.769116616827441
477-52026-194,11.0586095651035
480-51989-344,10.739442180307687
481-51908-40,10.8877916183898
481-51908-149,11.286734098098922
481-51908-296,11.298605756100809
483-51924-548,11.398526139821564
485-51909-432,11.243270514574979
486-51910-250,11.369375614931585
487-51943-182,11.16261473882962
490-51929-28,10.900220984432076
491-51942-468,11.118364877396083
493-51957-533,11.356445943167833
496-51988-187,10.906815819952488
496-51988-459,11.388747579041784
503-51999-452,11.025042322772896
503-51999-550,10.983862754757773
504-52316-536,11.192001409190656
505-52317-501,11.220026477178546
506-52022-400,11.123395509740696
508-52366-417,11.045237061148013
509-52374-164,10.888134171929197
509-52374-427,11.02552651374987
509-52374-493,11.003213589306776
510-52381-175,11.318124498981138
510-52381-199,11.126982373179214
510-52381-408,11.084664789183533
510-52381-475,11.259379641497583
511-52636-133,11.42592462606505
511-52636-481,11.18450981497821
514-51994-168,11.296953743929196
515-52051-420,11.22016058719751
518-52282-406,11.26409185277551
518-52282-449,11.194699892570473
518-52282-450,11.070543479542103
518-52282-452,11.138504047039993
518-52282-566,11.305302289870886
518-52282-568,11.087741334359574
518-52282-577,11.190021842073078
519-52283-193,11.18695423461274
521-52326-25,10.957102966432817
521-52326-207,11.385366200599877
521-52326-264,11.240789886843755
521-52326-303,11.099248359994087
521-52326-440,11.109061276813716
522-52024-221,10.88043027697551
522-52024-375,11.418323581116224
523-52026-538,11.473422751886428
524-52027-163,10.776649549303912
524-52027-361,11.310917233763668
528-52022-306,11.215697691336885
529-52025-118,11.051278318400634
529-52025-218,11.134471863004807
529-52025-228,11.066342613638286
530-52026-510,11.295335942999557
531-52028-122,11.09728756935098
531-52028-451,11.215452318003493
533-51994-109,11.534418235744464
533-51994-338,11.262261791473776
534-51997-555,11.111558294550665
534-51997-634,11.202422883053073
537-52027-270,11.087010724162115
537-52027-313,11.331135346897467
537-52027-609,10.715129599590746
539-52017-490,11.309751094416706
540-51996-195,10.997645682957723
540-51996-530,11.300954694377221
544-52201-141,11.056401732663177
545-52202-253,11.346183269778171
546-52205-433,10.922398087629418
552-51992-461,11.399231087253595
553-51999-403,11.528367872456244
553-51999-460,11.454983473852167
553-51999-545,11.357310330263697
554-52000-275,11.072710739128183
554-52000-395,11.33069165386787
555-52266-64,10.725250835901708
555-52266-156,10.886573514887141
556-51991-58,11.428933744922382
558-52317-440,11.168688916998892
559-52316-298,11.411037977943547
560-52296-180,11.44437408989584
564-52224-36,11.127988302852758
565-52225-408,11.38725074643494
566-52238-546,11.320606208915729
567-52252-109,11.088782902461983
568-52254-250,11.286034087929979
569-52264-551,11.462249329912654
571-52286-323,11.600958464851914
571-52286-588,11.733399738219282
576-52325-290,11.198360094750692
576-52325-291,11.407833755227124
577-52367-260,11.059700954077279
577-52367-536,10.88871236494501
577-52367-547,11.236584286356846
577-52367-589,11.008401976993182
577-52367-629,11.159904703701786
578-52339-322,11.1093214740059
578-52339-369,11.13189429413952
578-52339-622,11.23258830062399
580-52368-387,11.0852845932401
581-52356-293,11.090544440937656
581-52356-483,11.240363856883771
581-52356-549,11.177126944958669
582-52045-137,11.265171708551915
582-52045-527,11.41590861679025
582-52045-535,11.387428368666209
582-52045-610,11.221678055154817
584-52049-460,11.180977393235748
585-52027-539,11.270812037894396
586-52023-21,11.188934709196921
586-52023-69,10.900398925186895
586-52023-73,10.853921564669637
587-52026-238,11.067642892514982
587-52026-276,11.173401634800141
587-52026-305,11.246475139352405
589-52055-57,11.094188819371766
589-52055-293,11.272842887865563
590-52057-257,11.249693388837153
591-52022-4,10.970002711523014
591-52022-176,11.114715302150476
591-52022-370,11.774554096832045
591-52022-406,11.34042405189063
591-52022-440,11.352382494138899
591-52022-580,11.318806227428828
592-52025-64,10.963044542109012
593-52026-266,11.347988697061462
593-52026-307,11.25990311721787
593-52026-389,11.367549611248757
594-52045-388,11.293405765287336
599-52317-355,11.032160571841358
602-52072-100,11.385478784180776
602-52072-181,10.728815842866254
604-52079-180,11.096511587493474
606-52365-167,11.316429098672778
607-52368-48,11.507075410420134
608-52081-350,11.378186899461726
609-52339-499,10.997921869142619
610-52056-219,10.981556684077978
612-52079-188,11.205150922552585
614-53437-422,11.031054829076963
616-52442-245,11.286913367413351
617-52072-347,10.996735649517817
618-52049-326,11.176358131902552
619-52056-100,11.372418890775885
619-52056-562,11.187999567267568
621-52055-83,11.193725217432686
621-52055-100,10.931645915315348
621-52055-136,11.262194528637
622-52054-342,11.21518472725955
622-52054-524,10.83745360768812
623-52051-79,11.283300751132687
623-52051-425,11.512507668264828
623-52051-483,10.842829817316776
624-52377-640,10.915670120601051
625-52145-347,10.756837111736832
625-52145-375,11.353600809130501
626-52057-17,11.189480630462528
627-52144-39,11.177744802086156
629-52051-148,11.187406568393385
629-52051-175,11.147163758089661
631-52079-450,11.213725142943135
631-52079-631,11.220656347305646
632-52071-381,11.22465080478218
632-52071-442,10.967841286020349
632-52071-523,11.162214646184905
633-52079-51,10.997054772634332
633-52079-583,11.211991831961992
634-52164-626,11.27035698111358
635-52145-282,11.296856788128672
637-52174-40,11.109708681197775
638-52081-291,11.164624239309964
644-52173-394,11.39351969677518
648-52559-199,11.052712923670216
648-52559-275,11.235313145405527
649-52201-130,11.049384710723665
649-52201-188,11.11742494085549
649-52201-570,11.21126684210259
650-52143-389,11.398137520109973
651-52141-295,11.001063082009216
651-52141-511,10.99342404405293
653-52145-518,11.295975335093011
654-52146-379,11.250044085732972
655-52162-72,11.38802832070314
656-52148-360,11.18609537597111
656-52148-412,11.265313862922122
656-52148-522,11.072752140588339
657-52177-103,10.93829661436456
658-52146-301,10.969361360149087
658-52146-453,11.054886124529613
659-52199-133,11.248693908521648
660-52177-411,10.998453499046956
661-52163-163,11.327411510363694
662-52147-260,11.266943277227236
664-52174-320,11.365675756620291
668-52162-121,11.284372329376147
668-52162-188,11.36879754391572
716-52203-180,11.493311812787539
717-52468-94,11.025943141210954
718-52206-117,11.209314024499674
721-52228-165,11.286065285480026
722-52224-456,11.256466054818652
725-52258-65,11.27090300986045
726-52226-59,11.156028261083025
726-52226-504,11.108492273082168
729-52468-271,11.367973729467504
730-52466-25,10.790264561102509
730-52466-64,10.933449055580372
732-52221-348,11.276030229658312
732-52221-391,11.159126339366903
735-52519-634,11.212271040660276
738-52521-62,11.406846062152294
738-52521-556,11.39125059553424
739-52520-232,11.298646580983934
741-52261-387,11.123394712020835
746-52238-291,10.955831653551437
748-52233-227,11.149545650743539
750-52235-145,11.185564000175365
752-52251-56,11.43215997648281
758-52253-72,11.194943000659675
758-52253-632,11.432157159396196
759-52254-17,11.24184485568332
759-52254-408,11.099895005212105
759-52254-495,11.258730199222708
761-54524-131,10.890704153545206
761-54524-385,11.160861756560493
762-52232-86,11.056728008726145
766-52247-589,11.158055557196118
775-52295-263,10.856617656998518
776-52319-259,11.126729768704957
776-52319-470,11.23029872775965
776-52319-574,11.360779326848169
777-52320-42,11.172226502582465
779-52342-4,11.283538479873124
781-52373-579,11.20596177702689
782-52320-549,11.26983296087734
783-52325-275,11.401995088263856
785-52339-68,11.154824739560599
786-52319-285,11.420716048199537
794-52376-29,11.056738235509181
795-52378-600,11.07388992891862
812-52352-455,11.0879881104244
813-52354-164,11.113488132552774
815-52374-433,11.051846316951899
816-52379-306,11.067423333603022
816-52379-513,11.083748914226982
817-52381-127,11.143387783713237
817-52381-550,11.26521774072199
820-52438-72,11.313985170422539
820-52438-196,11.16129974377586
828-52317-185,11.12860733463686
830-52293-133,11.190538159314992
832-52312-235,11.347661350641497
835-52326-136,10.855337035776714
835-52326-349,11.04039618439925
835-52326-567,11.145636806577564
838-52378-481,11.324494006902706
838-52378-519,11.567102632851784
838-52378-574,11.305775491062198
839-52373-310,11.15629669350661
840-52374-45,11.382587895712826
840-52374-106,11.065563925998722
840-52374-370,11.12489604707821
840-52374-542,11.058971405126815
842-52376-585,11.313850135451046
842-52376-590,11.07659048248905
842-52376-625,11.12894442309717
843-52378-386,11.291414188253064
843-52378-399,11.22737605031867
843-52378-431,11.178742207062339
843-52378-511,11.190296006385692
844-52378-216,11.034284302021984
844-52378-219,11.037443836215983
845-52381-552,11.06702434946613
846-52407-188,11.173185709873565
846-52407-255,11.193976348415706
846-52407-522,11.37391493103899
847-52426-430,11.347821120206397
848-52669-115,11.43936257961293
849-52439-81,11.074859409974646
850-52338-67,11.190101618530466
850-52338-178,11.392095693274014
854-52373-108,11.053856942297603
854-52373-584,10.960478107358616
855-52375-333,11.276458348651834
855-52375-506,11.259147207032388
855-52375-581,11.112199895413578
856-52339-279,11.14031706767759
865-52323-284,11.207469616329014
865-52323-442,11.296354902648032
878-52353-110,11.292782782133107
881-52368-265,11.088156020572411
882-52370-1,11.183211026388024
882-52370-36,10.889754251461992
882-52370-214,11.0730190979869
882-52370-607,11.353068900936519
882-52370-631,11.05269705937374
883-52430-289,11.43762326632728
884-52374-129,11.341077897315463
884-52374-502,10.79052518756321
885-52379-522,11.279912486934876
886-52381-6,10.923543383021823
886-52381-89,11.45733426594771
886-52381-186,11.11352262006849
886-52381-531,11.0924477663154
887-52376-541,10.773655562726805
888-52339-13,11.197996033786167
889-52663-405,11.3756892324494
889-52663-612,10.975185874534915
890-52583-535,11.07443075350182
892-52378-96,11.078974591285773
892-52378-150,11.108571065974568
893-52589-79,11.40244310853831
893-52589-170,11.210975748351666
895-52581-1,11.056971022367149
896-52592-80,11.353327991145463
904-52381-69,11.345382380728301
904-52381-219,11.233493834870927
904-52381-310,11.325397687137665
904-52381-331,11.235856530533555
906-52368-26,12.08825710121135
908-52373-523,11.09209950054499
909-52379-335,11.056271568785402
910-52377-59,11.199233330883802
910-52377-503,11.162826490764148
911-52426-426,11.189649140921826
911-52426-492,11.182430308770867
912-52427-167,11.388478882591082
914-52721-148,11.409310478272017
914-52721-184,11.344426863539447
915-52443-62,11.168114550710545
915-52443-170,11.222400273729214
919-52409-73,11.315836028423078
922-52426-26,10.969804120881493
922-52426-324,11.099364498864222
922-52426-441,10.916929259233699
923-52404-318,11.469840240687446
923-52404-456,10.820962643697397
924-52409-23,11.153631844804082
924-52409-318,11.04553290464561
925-52411-174,11.430144670747762
925-52411-397,11.535966294544224
925-52411-623,11.165401221241112
926-52413-508,11.10862837994218
932-52620-27,11.280559437889206
933-52642-515,11.380960102092114
933-52642-618,11.440240918345635
936-52705-190,11.310218055703087
937-52707-75,11.160108044076377
937-52707-233,11.001842633539319
938-52708-118,11.218912735978398
940-52670-70,11.1905053099135
941-52709-71,11.178272801738652
941-52709-86,11.016907898685393
941-52709-252,11.326750329152013
942-52703-186,11.190968205684861
942-52703-408,10.971412014196499
943-52376-583,11.166461180567117
944-52614-379,11.048388445549836
944-52614-632,11.360534700801418
945-52652-105,11.008216329893681
946-52407-243,11.216747131692541
949-52427-225,11.323129969665896
950-52378-632,10.935345632273552
951-52398-165,11.076334144763665
955-52409-191,11.3126585381059
955-52409-483,11.048914139894457
957-52398-581,11.23312635794466
959-52411-37,11.046202671999543
959-52411-598,11.059151796287184
960-52425-418,11.358230273680856
960-52425-429,11.2361605810065
960-52425-449,11.058725771679397
960-52425-477,10.981130845253379
961-52615-378,11.303236742474779
961-52615-468,10.787273942205239
964-52646-69,11.109113602741138
964-52646-82,11.117305774145624
966-52642-31,11.455588583278345
967-52636-444,11.021074506785727
969-52442-108,11.016262825712849
969-52442-355,11.15146280880349
969-52442-601,11.085246149843162
971-52644-524,11.34095586905572
972-52435-1,11.33407011013179
973-52426-142,11.320645215971819
973-52426-240,11.329459680593798
974-52427-142,11.182275002186037
974-52427-173,11.453381019766622
974-52427-632,11.204096412018897
975-52411-437,11.02432147036034
976-52413-323,10.888333626733957
977-52410-59,11.272322981597588
979-52427-148,11.260668241398346
982-52466-89,11.20986727914302
982-52466-95,11.282404193658918
983-52443-185,11.252313532001045
983-52443-260,11.143709404006518
985-52431-393,11.100618988101768
985-52431-589,11.196286757747432
994-52725-164,11.122995422373135
994-52725-194,11.187712787619043
994-52725-518,11.378850089554511
994-52725-544,11.215245919351029
994-52725-560,11.230474946298363
995-52731-25,11.327305158449757
995-52731-605,10.823968942910343
997-52734-503,11.211681020626726
1000-52643-165,11.297237069760742
1000-52643-278,11.549131688181928
1000-52643-549,11.239080348584721
1002-52646-197,11.214457857596322
1002-52646-541,10.903947244607936
1003-52641-126,11.144728674006315
1004-52723-64,11.207808311903154
1004-52723-288,11.261991774062153
1004-52723-373,11.176267718953731
1004-52723-620,11.012617805481407
1006-52708-582,11.28951846183854
1008-52707-428,11.359752091048081
1008-52707-470,11.202917677911744
1009-52644-413,10.947055885822307
1011-52652-495,11.355399146121698
1013-52707-390,11.19728734453195
1014-52707-249,11.198891603382997
1014-52707-459,11.336926240648896
1014-52707-515,10.970672075678943
1015-52734-329,10.961809223513145
1015-52734-530,11.083031579572209
1016-52759-444,11.091227739178864
1016-52759-456,11.01813624977278
1016-52759-542,11.207942828943832
1016-52759-565,10.76343572321514
1017-52706-335,10.791089807594767
1018-52672-88,11.294877862647494
1018-52672-524,11.48541091761546
1019-52707-545,11.080911969903436
1040-52722-17,10.693907650668445
1041-52724-626,11.10586402793794
1044-52468-518,11.151402342151156
1045-52725-206,11.238835295972116
1046-52460-148,11.262356782854557
1046-52460-293,11.009341854487301
1047-52733-274,11.014986449245109
1048-52736-63,11.435125880239537
1048-52736-567,11.207927039318085
1050-52721-98,11.052798361010895
1051-52468-339,11.041958428518567
1051-52468-498,11.012382549046702
1052-52466-5,11.194996457821972
1052-52466-36,11.460532645669758
1052-52466-259,11.063557009965814
1054-52516-264,11.225929276690069
1055-52761-398,11.354182823580059
1056-52764-112,10.842091185693514
1056-52764-209,10.721129176645883
1056-52764-278,11.183089869406329
1056-52764-457,10.768147907030714
1056-52764-467,11.174677354955026
1057-52522-314,11.09741015231971
1061-52641-323,11.047250839231548
1061-52641-325,11.470726083558718
1158-52668-351,11.323133327397553
1159-52669-131,11.467873031748265
1159-52669-136,11.170192526030375
1159-52669-575,11.22831581910184
1161-52703-345,11.083847854462897
1162-52668-563,11.107545035743954
1164-52674-9,11.124184404716484
1164-52674-432,11.028604578955429
1168-52731-190,10.991395697951468
1170-52756-345,10.805049737778214
1170-52756-517,11.160339077019493
1172-52759-40,10.995424924037716
1172-52759-93,11.0632710388707
1172-52759-105,11.048054581908305
1172-52759-158,10.928751507885243
1172-52759-285,11.035611817973365
1172-52759-592,11.24730031137176
1174-52782-48,11.244497189058418
1175-52791-184,11.230305750378719
1178-52825-245,10.788056826969274
1184-52641-337,11.310282830676062
1185-52642-335,11.347120757621425
1185-52642-338,10.97516968236134
1185-52642-374,11.18873505083737
1185-52642-438,11.393735464317814
1189-52668-67,11.20805057324048
1190-52670-569,11.174755525093733
1192-52649-118,11.314024215946633
1194-52703-110,11.321751815231437
1194-52703-211,11.231081953676858
1198-52669-176,11.316249953640181
1198-52669-340,11.239620426911946
1199-52703-360,11.212766620322082
1199-52703-553,11.300062063048765
1200-52668-616,11.261837521468973
1201-52674-544,11.046177961050827
1203-52669-619,11.05242097432234
1206-52670-126,11.162613819912519
1207-52672-568,11.18961052765718
1207-52672-615,10.743918788758137
1208-52672-284,11.237911243827952
1208-52672-545,10.970117790777783
1210-52701-371,11.221160425895725
1210-52701-499,11.141121134531296
1211-52964-510,10.963231429821494
1214-52731-312,11.03878849053461
1215-52725-53,11.424433239733233
1216-52709-14,11.394656774062055
1216-52709-577,11.154925114032737
1217-52672-563,11.135226664651723
1220-52723-157,11.171131650211723
1220-52723-210,11.101879591555626
1220-52723-354,11.05837478311507
1220-52723-426,11.242428052243378
1222-52763-170,11.00964251148584
1222-52763-542,11.271285522560447
1223-52781-40,10.749865340148132
1223-52781-172,11.366652129893641
1224-52765-63,11.043313571563955
1225-52760-29,11.274043205720133
1225-52760-183,11.209988811617697
1226-52734-448,11.104939424212226
1226-52734-551,11.171555464755167
1228-52728-483,11.163634634226257
1229-52723-208,10.920950476973834
1229-52723-442,11.109859827627414
1231-52725-49,11.389225579638243
1231-52725-174,11.320309257505961
1231-52725-390,11.219275695541542
1231-52725-460,10.872916007132675
1231-52725-507,11.470083590282405
1234-52724-393,10.959859613900088
1234-52724-440,11.311606317516791
1234-52724-471,11.337273334366717
1234-52724-519,11.223511496158412
1234-52724-629,11.130066228174515
1236-52751-43,11.338554569513173
1237-52762-178,11.385412312901712
1237-52762-397,11.301326321760138
1237-52762-481,11.332944960729705
1239-52760-339,10.841329075595686
1242-52901-331,11.37693152197704
1263-52708-275,11.260950621639674
1264-52707-390,11.196469856593277
1268-52933-29,11.33737462791059
1268-52933-62,11.200825596894497
1269-52937-9,11.292095938405904
1270-52991-59,11.278588113427007
1271-52974-335,11.267556843212438
1272-52989-142,11.356573707699663
1272-52989-400,10.89190205165821
1272-52989-480,11.31835130609496
1275-52996-87,11.405855682752478
1275-52996-270,11.480020986150288
1275-52996-483,11.534680239754552
1275-52996-553,11.063592769111507
1276-53035-1,11.11030521629918
1276-53035-180,11.03971037800817
1277-52765-210,11.096783797590161
1278-52735-485,11.219860490755114
1278-52735-631,11.228371349174813
1282-52759-136,11.301636921969765
1283-52762-69,11.370807398048466
1283-52762-128,10.830091721851568
1284-52736-150,11.130621218240869
1287-52728-125,11.264707358650158
1291-52738-304,11.113688398553027
1291-52738-501,11.239091012258505
1295-52934-57,11.260283709337829
1296-52962-54,11.49283023907465
1296-52962-55,10.836808263688775
1299-52972-634,11.020566583739294
1300-52973-304,11.333265815632384
1301-52976-204,11.596615615470174
1302-52763-26,11.228054358969617
1309-52762-126,11.163380827546634
1309-52762-199,10.627475004334896
1310-53033-138,11.152672974471244
1310-53033-323,11.247520274442271
1311-52765-114,11.14120491286107
1311-52765-249,11.287821740342165
1312-52781-556,11.189123856674883
1313-52790-48,11.23038417485472
1313-52790-85,11.02614561750074
1313-52790-525,11.254703937216231
1314-53050-289,11.21352044028692
1319-52791-444,11.063377166306234
1322-52791-166,11.393373111772815
1322-52791-511,11.236902917406766
1323-52797-21,11.072811049257158
1323-52797-372,10.98964354745673
1323-52797-623,10.939222492533185
1324-53088-162,11.313635876669942
1324-53088-510,10.837876953851369
1324-53088-639,11.262381079800077
1325-52762-278,11.38422903261993
1325-52762-416,11.014297984037626
1327-52781-345,11.111678638169113
1329-52767-273,11.11514896177934
1331-52766-3,11.247325384453871
1331-52766-416,11.038176872384607
1333-52782-469,11.155090422112965
1337-52767-499,11.127286829510542
1337-52767-592,10.720657904312162
1339-52767-634,11.258829374723488
1340-52781-108,11.238906615017319
1340-52781-314,11.325982202457132
1341-52786-114,11.362063561076171
1341-52786-129,10.814926358549181
1342-52793-266,11.04295018627735
1343-52790-97,11.083478741692693
1343-52790-387,11.021525238533082
1344-52792-49,11.29549050604616
1344-52792-135,11.340128497434995
1347-52823-236,11.327323717449577
1347-52823-374,11.144230536890403
1347-52823-385,11.490481707485415
1347-52823-400,11.2272641090589
1347-52823-465,11.309923452138205
1348-53084-95,11.157828221298137
1348-53084-106,11.112573664364351
1349-52797-624,11.0899823396851
1352-52819-479,11.243881474003121
1356-53033-112,11.352871756384436
1356-53033-525,11.273315379997955
1357-53034-612,11.193394866422963
1359-53002-112,11.236501925509344
1359-53002-317,11.204831575636303
1362-53050-358,11.161330831215654
1364-53061-249,11.030409923203836
1364-53061-530,11.163843433099265
1369-53089-605,10.91061495817646
1371-52821-9,10.871518652340104
1372-53062-104,10.87101910061389
1372-53062-388,11.116381995493734
1374-53083-240,11.30906875024422
1375-53084-100,11.102495416667734
1375-53084-153,11.448924567038901
1375-53084-373,10.946603100537073
1376-53089-250,11.128625782889356
1377-53050-502,10.796445561246198
1378-53061-356,11.404224390727467
1379-53084-84,11.262869654781348
1379-53084-400,11.148393394407021
1380-53084-553,11.176928712244196
1382-53115-543,10.695921342422908
1384-53121-159,10.94619581935821
1384-53121-167,11.130484411413494
1385-53108-209,11.180593321523174
1385-53108-337,11.248191013354235
1386-53116-519,11.106623723529568
1390-53142-84,11.020115661398027
1390-53142-494,11.103258122644222
1391-52817-54,11.410941941782536
1391-52817-113,11.207076260191613
1391-52817-132,11.444699465406075
1391-52817-134,11.58462794558458
1391-52817-442,11.138273638511494
1391-52817-593,11.482861749847073
1392-52822-189,11.23394866975582
1392-52822-229,11.492772678498921
1392-52822-231,11.262179911912824
1392-52822-234,11.338510341417905
1392-52822-271,11.164242458171707
1392-52822-318,11.42693743327924
1392-52822-330,11.091274802313714
1392-52822-435,11.328099936484982
1393-52824-57,11.066047581122637
1393-52824-62,11.328640306896277
1393-52824-232,11.0441065919979
1393-52824-598,11.462207277937567
1394-53108-439,11.358968598607774
1395-52825-433,11.425330879722493
1395-52825-540,10.87729865486945
1396-53112-366,11.275082003205107
1401-53144-35,10.981265994973906
1402-52872-133,11.275402624553053
1404-52825-245,11.195648077370915
1404-52825-323,10.951374457276442
1406-52876-322,10.956024848752149
1406-52876-427,11.128565347808008
1409-52824-155,10.684481189102529
1409-52824-441,11.06505294882786
1409-52824-477,11.125026266297969
1409-52824-539,11.400856976508283
1415-52885-449,11.231770209258405
1416-52875-51,11.126953471348823
1416-52875-225,11.069921429572627
1416-52875-436,11.116246261636388
1416-52875-527,11.069978423546411
1417-53141-351,11.08425796681594
1417-53141-394,11.2644001596767
1417-53141-448,11.08168212461199
1418-53142-70,11.32311346133178
1418-53142-189,11.255154974284732
1419-53144-30,11.209720899563536
1420-53146-125,11.306547551428332
1420-53146-252,11.34767037574227
1420-53146-261,11.459260537242617
1421-53149-22,11.281399231526152
1421-53149-354,11.228599579628774
1423-53167-142,11.450905208692552
1424-52912-73,10.786220535155618
1424-52912-447,11.073704574162862
1425-52913-472,11.357515873485973
1426-52993-148,10.924547738857507
1426-52993-279,11.131087668279239
1427-52996-27,11.03094704011343
1427-52996-341,10.885775299890627
1427-52996-591,11.143759483710323
1428-52998-272,11.127197994312056
1428-52998-436,10.955061298631556
1429-52990-450,11.306744056648352
1431-52992-585,11.262615387983322
1435-52996-78,11.068442742386638
1435-52996-212,11.511018484353048
1436-53054-137,11.123661150852506
1437-53046-75,11.083389399058156
1439-53003-133,11.209541900337147
1439-53003-192,11.257581910345014
1439-53003-210,11.080190075756994
1439-53003-237,11.050075581503437
1439-53003-438,11.410368815320346
1442-53050-234,11.35517811450745
1443-53055-290,10.962866497013184
1445-53062-43,11.246903129701275
1445-53062-542,11.251947961671055
1446-53080-164,11.348152559836894
1449-53116-456,11.511937680254027
1449-53116-525,11.336302397049126
1450-53120-37,10.904419124443502
1450-53120-302,11.361575715586115
1451-53117-213,10.996579689790956
1452-53112-187,10.807169910612918
1453-53084-40,11.163213610403885
1454-53090-336,11.349479091575583
1456-53115-371,11.18718778152212
1456-53115-372,11.09202887210805
1456-53115-623,11.267732446255128
1457-53116-143,11.248254939901749
1457-53116-277,10.9341978490606
1460-53138-381,10.865201111536019
1460-53138-602,11.521183934710416
1461-53062-352,11.23371762900949
1461-53062-541,11.069829013676934
1462-53112-51,11.053182001887137
1464-53091-336,10.821782328124662
1465-53082-64,11.211223261927064
1465-53082-512,11.082698734052723
1465-53082-525,11.521202262188687
1466-53083-43,11.434240624647355
1466-53083-165,11.313754996262334
1466-53083-408,11.189198307715408
1567-53172-250,11.173331140731548
1573-53226-249,11.018155595848103
1574-53476-268,11.18212604100494
1574-53476-310,11.118593672879639
1575-53493-61,11.357773273129114
1575-53493-82,11.389364851492907
1575-53493-198,10.910612809394038
1575-53493-521,11.261386295550988
1577-53495-102,11.206195305354719
1579-53473-187,11.020131216738433
1582-52939-16,11.15047970805321
1582-52939-151,11.057847893350822
1582-52939-225,11.204215206349728
1582-52939-457,11.105650445223585
1583-52941-633,11.005508065791775
1584-52943-455,10.82102673306136
1587-52964-236,11.070776368160953
1587-52964-258,10.967558647888417
1588-52965-227,11.310111628065027
1588-52965-239,11.216025949912218
1588-52965-398,11.554328983820449
1589-52972-135,11.242973211649062
1590-52974-211,10.757814480075771
1591-52976-309,10.861816461234083
1592-52990-81,10.916819264998946
1592-52990-231,11.119307137121876
1595-52999-133,11.558865089256631
1597-52999-516,11.296214544894413
1599-53089-467,11.414714189008299
1600-53090-21,10.96447657830265
1600-53090-51,11.281907177951462
1601-53115-595,11.521481556266076
1602-53117-439,11.246743429989586
1604-53078-243,11.121120921453418
1606-53055-33,11.154474045699848
1607-53083-457,11.296208873415067
1608-53138-25,11.25645235587829
1609-53142-219,11.095816898874954
1609-53142-549,11.230906452057578
1609-53142-586,11.508060696788098
1612-53149-570,11.021352663687598
1613-53115-104,11.267645875309986
1613-53115-266,11.141323017845902
1614-53120-40,11.518130455440252
1614-53120-421,11.411647427759512
1614-53120-522,11.24965165885873
1615-53166-173,11.102203587105292
1615-53166-179,11.242188490960785
1616-53169-75,11.174641740726708
1617-53112-207,11.058302519781352
1618-53116-174,11.35055754789471
1620-53137-497,11.254447704915384
1620-53137-503,10.848078959871843
1620-53137-626,11.207682523170366
1621-53383-8,11.004858634779733
1621-53383-150,11.332874741945878
1625-53140-61,11.116941744561375
1625-53140-493,11.196799476747003
1626-53472-521,11.118121254478467
1627-53473-287,11.222258662814873
1627-53473-441,11.300666005759076
1628-53474-257,11.292618484947287
1642-53115-42,10.898038211225078
1642-53115-251,10.937384147698404
1642-53115-539,11.064362080464091
1643-53143-35,11.156630752639538
1644-53144-256,11.108531164568541
1645-53172-607,11.372889063285033
1646-53498-48,11.338199828748015
1646-53498-141,11.019424143479748
1646-53498-450,10.979524126588304
1646-53498-573,11.347752922929088
1647-53531-196,11.234985032443987
1647-53531-208,11.272694867804013
1648-53171-211,11.244971541297442
1649-53149-17,11.044999533870467
1649-53149-78,11.048365648392142
1649-53149-181,11.354060432214581
1649-53149-605,11.324258045479928
1650-53174-268,11.098825463139143
1650-53174-296,11.220614011799414
1652-53555-596,11.354989534722057
1654-53498-384,11.164045605855383
1654-53498-526,11.298804765627123
1655-53523-29,11.168906508630283
1655-53523-195,10.998339272304156
1655-53523-494,11.14498800262284
1655-53523-626,11.116290652208656
1656-53533-165,11.367522450787842
1657-53520-531,11.21105596681972
1657-53520-545,11.336247941547539
1657-53520-606,11.163814000923196
1668-53433-260,11.082339689574516
1669-53433-540,11.013357180700828
1671-53446-458,11.035893618746469
1672-53460-105,11.169344925324438
1672-53460-441,11.00856110280556
1672-53460-535,11.316953400081607
1673-53462-204,10.928160135813455
1673-53462-340,11.078431798424484
1675-53466-147,10.895202086113805
1675-53466-332,11.30414901496723
1675-53466-546,11.443673057575305
1675-53466-590,11.410970425798846
1677-53148-465,11.627325172717432
1678-53433-246,11.166290222320233
1678-53433-611,11.29270706435599
1680-53171-65,11.354408358385582
1680-53171-218,10.968554394714028
1681-53172-115,11.28886428504298
1681-53172-311,11.084279444099728
1681-53172-486,11.31163983210091
1682-53173-111,10.994071446601554
1682-53173-465,11.117636514010126
1682-53173-528,11.197287629859915
1682-53173-626,11.171313911532625
1683-53436-212,11.2406512901455
1684-53239-336,11.536691742274803
1687-53260-522,10.908744931069782
1689-53177-191,11.198186300202538
1690-53475-300,10.801928299311953
1691-53260-621,11.257398661513964
1692-53473-208,11.02817394373299
1695-53473-210,11.400619872981725
1696-53116-561,11.513094820280514
1697-53142-50,11.149997842967672
1697-53142-425,11.1259293313833
1698-53146-236,10.933356327954503
1699-53148-104,11.131362528228221
1699-53148-246,10.849382119856413
1699-53148-388,11.305673335167615
1699-53148-489,10.703060974492617
1700-53502-511,11.25173532207918
1701-53142-239,11.233253878221353
1701-53142-271,11.25625729386789
1703-53799-166,11.297128279854121
1704-53178-217,11.177782836085228
1705-53848-321,10.802483733381106
1707-53885-300,10.93006436586679
1707-53885-469,11.093152206843389
1709-53533-52,11.20339757703884
1711-53535-158,11.345715665151765
1711-53535-214,10.996338769040499
1711-53535-609,11.317725028773442
1712-53531-225,11.233134028497677
1713-53827-49,11.174386206840394
1713-53827-180,11.13382711844287
1713-53827-287,10.967382550886164
1714-53521-133,11.13723618422755
1714-53521-255,11.013370838418236
1714-53521-273,10.679529441336324
1714-53521-508,11.327049772864417
1715-54212-42,11.57269496192914
1715-54212-157,11.167248139936088
1715-54212-235,11.299709605024415
1717-53883-27,11.147818954598973
1717-53883-167,11.477663597681
1717-53883-351,11.396032677726321
1717-53883-451,11.304554281527821
1717-53883-488,11.098366812862425
1718-53850-112,11.096817729161629
1718-53850-159,11.16625824038905
1719-53876-195,11.204715275503927
1719-53876-261,11.138294388627587
1719-53876-262,11.186740992419413
1720-53854-121,11.101323989449149
1720-53854-397,11.465419782296122
1720-53854-432,11.372842674455235
1721-53857-479,11.255563216183901
1721-53857-494,11.155678339162673
1721-53857-500,10.91406601116764
1722-53852-302,10.829405488775565
1723-53905-275,11.190072994784273
1724-53859-25,10.864218456868624
1726-53137-227,11.010317186924778
1726-53137-239,10.97543126504301
1726-53137-356,11.44795201343831
1727-53859-337,11.100789359223615
1727-53859-340,11.217693704237965
1729-53858-268,11.404921936117805
1729-53858-577,11.300249055628512
1730-53498-236,11.122931557708274
1730-53498-311,10.98477110998771
1732-53501-612,11.577521780680462
1733-53047-88,11.162431389892934
1733-53047-178,11.281894324378035
1734-53034-295,11.089426810987044
1734-53034-315,11.419559876852155
1736-53052-457,11.430259978399146
1738-53051-85,11.30041198054235
1739-53050-60,11.318131290833168
1740-53050-250,10.83517268091831
1740-53050-617,11.540072527407178
1743-53054-287,11.486870697783472
1743-53054-559,11.450402491536096
1744-53055-283,11.120573844118232
1750-53358-574,11.41876864298597
1752-53379-25,11.128874369058693
1752-53379-135,11.16850477917084
1753-53383-441,11.345106692742176
1753-53383-617,11.176605586986062
1754-53385-154,11.365280437430386
1755-53386-245,11.183653115158265
1756-53080-547,11.394825676762084
1757-53083-571,11.357686619388284
1760-53086-493,11.021598745919425
1761-53376-249,11.122924174682245
1764-53467-318,11.623522532837406
1765-53466-259,11.067596695043333
1767-53436-90,11.13107402250058
1769-53502-438,11.299272273130166
1769-53502-497,11.025875227296956
1770-53171-481,11.130538339833329
1771-53498-43,11.376169028101199
1772-53089-579,11.23466784412382
1772-53089-615,11.254689180918245
1777-53857-523,10.908666021293673
1778-53883-224,11.302532731508935
1778-53883-480,11.452475836612418
1779-53089-120,11.289825841441203
1780-53090-394,11.212996899936057
1781-53297-443,11.150548862796406
1790-53876-69,11.2428265953268
1790-53876-150,11.08799531785018
1790-53876-426,11.427456522552067
1790-53876-438,11.048373443157377
1791-54266-41,11.402881771282964
1792-54270-48,11.204547866115263
1792-54270-391,11.467693646287934
1792-54270-612,11.217295162939351
1794-54504-184,11.317220922181392
1795-54507-12,11.254107270554774
1796-53884-393,11.173394364801357
1796-53884-451,11.123408275866266
1797-54507-64,10.937123504826186
1797-54507-153,10.886963740580821
1797-54507-484,10.994717154923475
1797-54507-495,11.221473630221565
1797-54507-566,11.33263183283916
1799-53556-408,11.39482848221831
1800-53884-273,11.191669001337118
1800-53884-493,11.388895517458936
1801-54156-13,11.414606497206265
1801-54156-197,11.197842712738375
1801-54156-635,11.153192739049347
1802-53885-382,11.037005725884839
1803-54152-454,11.394698058718571
1804-53886-348,11.085723095079427
1806-53559-473,11.282045853958635
1806-53559-481,11.075520868631832
1808-54176-629,11.419445139985095
1810-53794-31,11.1176465186631
1810-53794-48,11.15547496494365
1810-53794-210,11.173955093224182
1810-53794-234,11.045507079790706
1811-53533-270,11.677383804462297
1812-53795-528,11.19559440573237
1812-53795-608,11.283397105096757
1812-53795-613,11.130186796787038
1813-53903-451,11.372723228792145
1815-53884-501,11.370358721924848
1816-53919-17,11.229386784483413
1816-53919-178,11.330103060521877
1816-53919-334,11.148353610555645
1817-53851-51,10.863849943390857
1817-53851-68,11.248982422650762
1817-53851-92,11.169850764186851
1817-53851-126,11.207210432610957
1817-53851-183,11.338222368615579
1817-53851-440,11.064843213915367
1818-54539-251,10.929351170304455
1818-54539-411,11.039161312667146
1818-54539-536,10.85605854536597
1818-54539-578,11.419270111298212
1819-54540-237,11.26406287768416
1819-54540-309,11.096827501946567
1819-54540-533,11.132116429579959
1819-54540-541,11.077935357481161
1820-54208-466,11.386800004339982
1821-53167-468,11.580212989477037
1822-53172-559,11.015484549702881
1822-53172-612,11.499654512694748
1823-53886-85,11.195770778767788
1823-53886-90,11.39177317403298
1824-53491-453,11.10296518948178
1824-53491-478,11.217296153813052
1825-53504-277,11.298445706040686
1825-53504-556,11.298402149567867
1826-53499-55,11.447177963254086
1826-53499-324,10.899270718400066
1828-53504-87,11.066275619091462
1830-54560-78,10.868581203080359
1830-54560-218,11.451428307459294
1830-54560-255,11.415017426841482
1830-54560-364,11.48219207774786
1830-54560-466,11.102363761387647
1832-54259-166,11.148544329240103
1832-54259-485,11.221617590785394
1832-54259-486,10.936702602341237
1832-54259-520,11.251881363746167
1833-54561-23,10.888675873710861
1833-54561-256,11.10961782079414
1833-54561-407,11.245064039605806
1833-54561-418,11.129051390381235
1834-54562-93,11.01466649173648
1834-54562-195,11.103209616085408
1834-54562-410,11.17167168237681
1835-54563-55,10.95488939329218
1835-54563-164,11.28923271256867
1835-54563-452,11.443919783528557
1837-53494-282,11.127164127757485
1839-53471-162,10.965578411307197
1839-53471-540,11.117736503087611
1840-53472-365,11.344491131849136
1841-53491-556,11.258591072740247
1842-53501-224,11.018209594370635
1842-53501-281,11.666400535856816
1842-53501-337,11.088850182016996
1843-53816-514,11.183703531919257
1844-54138-32,11.345691053448594
1844-54138-428,11.40017201637917
1845-54144-547,11.054823617246717
1846-54173-58,11.17638765591842
1846-54173-181,10.896871558614487
1846-54173-243,11.176693732458306
1846-54173-435,11.057323267241967
1847-54176-51,11.13631512174218
1847-54176-493,10.896710702224386
1850-53786-401,11.193814644724513
1851-53524-27,11.037146820752788
1852-53534-12,11.191071743724232
1853-53566-396,11.421853420984618
1854-53566-227,11.086262268964049
1854-53566-446,11.1925982530997
1865-53312-316,11.111301813031437
1866-53314-100,11.062867410145298
1866-53314-372,11.299496035947053
1866-53314-413,10.949798822173586
1867-53317-366,11.409388596508016
1867-53317-569,11.22808720204253
1868-53318-430,11.464030498729825
1869-53327-356,10.9212111841692
1869-53327-362,11.400372893789315
1869-53327-534,11.3195227533687
1870-53383-133,10.974977342650158
1870-53383-609,11.017284585169758
1871-53384-322,11.21281065543558
1872-53386-202,10.911113848274839
1875-54453-439,11.350732091865874
1877-54464-309,10.848407089664372
1877-54464-447,11.271234520804022
1921-53317-387,11.18692848850746
1922-53315-525,10.979698363173513
1926-53317-211,11.138301448053118
1926-53317-265,11.430029368419834
1926-53317-508,11.229141389937908
1928-53327-67,11.422484478297132
1928-53327-188,11.116778171763508
1928-53327-313,11.182768096869951
1928-53327-596,11.360940971815005
1930-53347-96,11.34250344744252
1930-53347-182,11.380139686668159
1931-53358-369,10.999726483636142
1931-53358-504,11.275200914136736
1931-53358-516,11.396366972278997
1931-53358-583,11.387178790048672
1931-53358-638,11.21034368305257
1932-53350-68,11.29139064025275
1935-53387-235,11.309454557144678
1936-53330-319,11.277441603296953
1936-53330-474,11.019732432570889
1937-53388-61,11.10218518074817
1941-53386-88,11.146977482483827
1941-53386-340,11.264870755830799
1942-53415-430,10.970280637436344
1942-53415-569,11.187043169147936
1946-53432-354,11.451134224697674
1948-53388-198,11.207828183565821
1949-53433-280,11.176090120898454
1949-53433-425,11.084344874112345
1949-53433-546,11.18101020860727
1951-53389-131,11.229815451234016
1955-53442-440,10.829891936958521
1976-53401-152,11.210357557290166
1976-53401-494,11.149162021722558
1976-53401-636,11.543236048948271
1978-53473-82,11.164514424874453
1978-53473-503,11.018876341375265
1980-53433-208,11.069159247112173
1980-53433-509,11.137255146117544
1980-53433-551,11.159985741041213
1981-53463-300,11.319180830198414
1983-53442-567,11.039254270356569
1984-53433-339,10.968761685850403
1986-53475-107,11.145242948437787
1988-53469-184,11.045630982360688
1990-53472-105,11.257887100317726
1990-53472-410,11.242346363473594
1991-53446-179,11.028676993772029
1993-53762-597,11.138451185851018
1994-53845-269,11.214120832528064
1995-53415-290,11.286872266827343
1996-53436-515,10.851258051960762
1997-53442-63,11.14168487601787
1997-53442-123,10.866628199821989
1998-53433-574,11.09630233800687
1999-53503-473,11.245337719227551
2002-53471-249,11.470335593871464
2004-53737-139,11.17669520221661
2006-53476-135,10.99387957188696
2007-53474-51,11.239688113300232
2007-53474-70,11.313783017063628
2007-53474-443,11.268220911002718
2009-53904-185,11.270102707279905
2009-53904-313,10.907965854596744
2009-53904-325,11.199040351839725
2010-53495-570,11.383389896447511
2011-53499-24,11.134331235253732
2011-53499-205,11.72685351952454
2012-53493-327,10.99832796273777
2013-53818-44,11.004973672062693
2013-53818-88,11.15614888561462
2013-53818-546,11.2585565880474
2015-53819-578,11.154058916725024
2017-53474-339,11.193404000719333
2019-53430-292,11.309380340280192
2019-53430-427,11.538337113297796
2021-53475-72,11.316214915028704
2021-53475-616,11.07777057484244
2022-53827-472,11.162687184455327
2022-53827-546,11.20822254366639
2023-53851-415,10.964920620856573
2024-53503-51,11.393339349283142
2025-53431-62,11.244840045777122
2025-53431-407,11.021281964222005
2025-53431-462,11.054510580555254
2030-53499-42,11.284524661494215
2030-53499-286,11.408539734920009
2030-53499-444,11.218879191606037
2033-53476-133,11.185299277462489
2033-53476-295,11.019428250052389
2033-53476-419,11.410878119905743
2033-53476-441,11.148866005013755
2033-53476-447,11.203698529331625
2034-53466-95,11.170685572799135
2036-53446-245,10.795217016420064
2080-53350-16,11.28177033611812
2087-53415-47,11.151912481865903
2087-53415-52,11.085655916510252
2087-53415-396,11.00255688767173
2088-53493-152,11.150870567843832
2088-53493-460,11.04991423107915
2089-53498-90,10.884717881313378
2089-53498-138,11.171791413232572
2092-53460-362,11.267260931106355
2092-53460-469,11.138062268301754
2092-53460-599,10.885830010502943
2093-53818-249,11.052018042886509
2093-53818-427,11.290074880302093
2094-53851-18,11.097794950193025
2094-53851-166,10.991767946902877
2094-53851-366,10.944543082316315
2095-53474-325,11.234180280916297
2095-53474-365,11.297990450173511
2097-53491-446,11.007792497370797
2100-53713-221,11.382197048572934
2100-53713-400,11.216502536689342
2100-53713-473,11.215834613322723
2102-54115-489,11.145220695324527
2103-53467-307,11.141797832106239
2103-53467-311,10.955429840992503
2103-53467-313,10.947924627689698
2103-53467-407,11.427682188706717
2104-53852-309,10.768173775421756
2105-53472-6,11.263078181009698
2105-53472-392,11.054201997679593
2106-53714-45,11.200733729305654
2108-53473-608,10.845029582837219
2108-53473-639,11.364663500397427
2109-53468-233,11.032058991039559
2110-53467-412,10.981850073124868
2111-53467-92,11.10300965298414
2114-53848-202,11.20307521961605
2114-53848-204,11.305895388392077
2114-53848-205,10.946869442678244
2114-53848-211,11.022367492076123
2114-53848-214,10.937603984620756
2114-53848-260,10.904750648792033
2114-53848-291,11.428719095492985
2114-53848-481,11.206570358112709
2114-53848-526,11.175976543232263
2115-53535-11,10.768836176952298
2115-53535-141,10.74972236489546
2115-53535-462,11.154967272713394
2116-53854-180,11.052690550472667
2118-53820-542,11.458910087219763
2118-53820-545,11.183032284884138
2119-53792-3,11.3376952375098
2119-53792-561,11.104127793708152
2120-53852-337,10.954234986302138
2120-53852-431,11.292365463212002
2120-53852-516,11.159112799023566
2124-53770-41,11.137508386649595
2124-53770-148,11.261005674995367
2124-53770-282,11.278759699337076
2126-53794-141,11.273709242904275
2126-53794-158,11.077371957792433
2126-53794-348,11.608564254764913
2127-53859-265,11.165223468191122
2127-53859-368,11.186468082535184
2127-53859-376,11.245234821081514
2131-53819-354,11.062472968869258
2131-53819-474,11.044329859379285
2131-53819-515,10.77770818917121
2132-53493-24,11.329717168442865
2132-53493-537,11.044196832689053
2132-53493-583,11.476706059479847
2132-53493-633,11.090367368070893
2133-53917-171,11.127433549622621
2134-53876-639,10.965138801375227
2135-53827-19,11.254929690626927
2135-53827-467,11.251076179209333
2137-54206-171,11.214010616092462
2137-54206-585,11.133573432802779
2139-53878-392,11.157067400433567
2139-53878-605,11.020701565324199
2142-54208-227,11.43688520836417
2142-54208-376,11.292877874354142
2142-54208-573,10.971360454177539
2143-54184-359,11.16701315847971
2143-54184-469,11.250488442791829
2143-54184-504,11.24501569307756
2144-53770-320,10.992485435568662
2145-54212-149,11.068063744063055
2145-54212-625,11.120412581064588
2147-53491-576,11.470191802441867
2148-54526-111,11.199327917632646
2150-54510-457,11.492159823503663
2151-54523-57,11.10235021370947
2151-54523-107,11.135379654495939
2151-54523-213,11.107228118399409
2151-54523-346,11.578145040005365
2153-54212-179,10.918073279241542
2156-54525-40,10.71872475854588
2156-54525-121,10.928825487285085
2156-54525-232,10.82835486613491
2156-54525-239,11.734726596879577
2157-54242-340,11.132516770092913
2157-54242-452,11.309474874324055
2157-54242-540,11.380064112057099
2157-54242-557,11.083445099415995
2157-54242-567,10.91674471960056
2159-54328-426,10.858002564136799
2159-54328-538,11.175239825142931
2161-53878-25,11.315294947159591
2161-53878-166,11.1880155509909
2161-53878-534,11.170413143511444
2162-54207-538,11.319509553350896
2165-53917-174,11.453215551412232
2166-54232-251,11.410593361800336
2166-54232-258,10.820762546167721
2166-54232-461,11.093341354276832
2166-54232-507,11.08499259578782
2168-53886-31,11.218795251690123
2168-53886-599,11.084647532686569
2169-53556-617,11.278756327478124
2172-54230-604,11.013528336938515
2173-53874-349,11.202053124273085
2173-53874-598,11.112279048279047
2196-53534-144,10.967165698887527
2196-53534-214,10.893347819907822
2196-53534-521,11.012020647012859
2197-53555-240,11.056147861278061
2197-53555-269,11.067455492932417
2197-53555-429,10.922196134267518
2199-53556-211,11.07955226142539
2200-53875-209,10.835079926185719
2202-53566-428,11.082679191302375
2203-53915-199,11.339416839582654
2203-53915-495,10.799526115372723
2204-53877-138,11.114776895416
2205-53793-544,11.276565448461636
2211-53786-103,11.079946272070664
2211-53786-386,11.244456767665206
2211-53786-390,10.974492546806717
2213-53792-37,11.278519006659335
2213-53792-140,10.765229530132316
2213-53792-226,10.864028968377102
2213-53792-433,11.07069854816423
2215-53793-67,11.062800081318008
2215-53793-216,11.103849123623842
2216-53795-131,11.090103835643554
2216-53795-403,10.998504490968507
2216-53795-446,11.17046299572475
2218-53816-248,11.254847980581921
2219-53816-87,11.166641802666982
2219-53816-290,11.13453408552023
2219-53816-488,11.426813765696751
2220-53795-440,11.211851140379846
2221-53792-145,10.805264382495936
2224-53815-193,11.06165033989338
2224-53815-575,11.230892266048112
2225-53729-165,11.177669563092357
2227-53820-10,11.30181440189668
2227-53820-516,10.842737576991121
2229-53823-338,11.255261857203923
2230-53799-22,11.63310607828671
2230-53799-443,11.252562391307118
2230-53799-621,11.178049294286918
2233-53845-373,11.167304160295615
2233-53845-453,11.158179629250137
2237-53828-623,11.32274826273655
2239-53726-270,11.392678708312683
2239-53726-523,11.213083576713778
2240-53823-68,10.984413251129117
2240-53823-476,10.813056020739664
2240-53823-491,10.843240860428658
2240-53823-541,10.843921530387536
2241-54169-168,11.29361903721264
2241-54169-391,10.73322288734283
2241-54169-491,11.060792087075367
2241-54169-500,10.79307375635291
2241-54169-510,10.776840959701419
2241-54169-576,10.778125099135394
2242-54153-440,10.671202561092356
2242-54153-457,10.74029685156144
2242-54153-509,11.406351508260563
2244-53795-266,11.1252392541506
2244-53795-389,10.972536495183009
2246-53767-68,11.290420418191156
2246-53767-385,11.25607092235971
2246-53767-409,11.189941801234914
2246-53767-465,11.426499895536999
2246-53767-480,10.91735932551513
2266-53679-176,11.109909843823123
2269-53711-251,11.196697585359368
2270-53714-195,11.327835864595976
2271-53726-307,11.060254923458922
2272-53713-60,11.02898041295724
2273-53709-172,11.204653057297438
2274-53726-496,11.326975813729778
2276-53712-258,11.004861578835891
2278-53711-359,10.87428982113082
2279-53708-191,11.215293641150557
2282-53683-557,11.096899851299858
2283-53729-538,11.21827228897717
2283-53729-567,11.293802561219847
2284-53708-138,11.223590317629954
2288-53699-166,11.08770405254808
2290-53727-173,10.791345781122551
2292-53713-561,11.133049032680287
2292-53713-578,11.450928544560957
2293-53730-629,11.077879870221745
2294-54524-593,10.85313605019116
2295-53734-417,11.488813495617915
2296-53735-106,11.484081428273305
2296-53735-114,11.3155168525498
2297-53738-392,11.326686498321553
2298-53737-567,11.432967794071832
2342-53742-5,11.243218924090506
2342-53742-48,11.277655082373695
2342-53742-109,11.2610811831383
2342-53742-214,10.945961916460803
2343-53735-140,10.849547055834584
2343-53735-454,11.15446316336355
2344-53740-343,11.432610061019966
2346-53734-22,11.04512756392454
2346-53734-77,11.38994734053129
2349-53734-301,10.863979287221026
2349-53734-319,10.929886117800551
2351-53786-525,10.863795963683819
2352-53770-100,10.897868836385214
2352-53770-264,11.175507019441271
2354-53799-621,11.418059837471976
2356-53786-409,11.163635111178642
2358-53797-382,11.290109846623865
2359-53826-467,11.315477905471875
2359-53826-562,10.765036400027235
2363-53763-198,11.071832206835234
2364-53737-147,11.358942155213068
2366-53741-603,11.043501278341973
2367-53763-614,11.210983479757726
2370-53764-307,10.972598217676559
2371-53762-283,10.952352546112314
2371-53762-397,10.972876537772486
2371-53762-430,11.510368891598636
2419-54139-509,10.795116814942935
2421-54153-152,10.91446698200622
2423-54149-178,11.04039695768252
2423-54149-471,11.421478156265339
2424-54448-523,10.823929116076586
2424-54448-628,11.333619127188756
2426-53795-586,11.482409939182801
2427-53815-138,10.934807031676076
2427-53815-405,11.289906000238524
2428-53801-6,11.41381193888585
2429-53799-25,11.31752850513165
2432-54052-27,11.16793046601418
2432-54052-300,11.323204926960512
2433-53820-331,11.3428335671392
2434-53826-475,11.361661392586775
2435-53828-39,11.566506091872231
2435-53828-177,11.064740612589377
2435-53828-355,11.441586827586802
2435-53828-504,11.003941860740056
2438-54056-340,11.3216120243302
2438-54056-369,11.239169771868779
2439-53795-247,11.158858896158137
2439-53795-422,11.186156271855385
2477-54058-277,11.005667881622134
2478-54097-235,11.137919694424426
2479-54174-76,11.3975387696286
2479-54174-346,11.331421611135333
2479-54174-415,10.986190792227626
2479-54174-438,11.012308473550352
2480-53851-1,11.290246653514567
2480-53851-347,11.179726775280818
2482-54175-97,11.315115375463849
2482-54175-139,11.221992523768728
2482-54175-191,11.104511986771104
2484-54144-210,11.294513694052467
2484-54144-328,10.869397086458934
2485-54176-131,11.369669580962048
2487-53852-26,11.214192236779061
2487-53852-287,11.315655587441942
2487-53852-422,11.137448966479107
2487-53852-493,11.243244388366037
2490-54179-484,11.337085038800568
2491-53855-243,11.141611588550871
2492-54178-608,11.184621025175955
2495-54175-588,11.579730886791406
2495-54175-627,11.199132055317017
2499-54176-114,11.192296161249502
2500-54178-508,11.260125992797622
2500-54178-520,11.129185454439618
2501-54084-572,11.184396584361092
2502-54180-88,11.17286145489737
2502-54180-329,10.858799570114899
2502-54180-527,11.11677311695548
2502-54180-583,11.071210475513197
2508-53875-598,11.540543982659093
2509-54180-229,10.649878954036865
2509-54180-239,10.878016474515652
2509-54180-425,11.242124206233312
2509-54180-462,11.1277949657644
2514-53882-299,11.44297064088456
2522-54570-213,11.37819808391746
2522-54570-479,10.980007305821191
2524-54568-109,10.961574209745322
2524-54568-487,11.528300663806718
2525-54569-267,10.801919352785925
2525-54569-501,11.108766242339868
2528-54571-611,11.366784327141147
2531-54572-241,11.273536450564643
2533-54585-73,11.266989641843239
2533-54585-183,11.249287596723482
2533-54585-422,11.328993112342165
2533-54585-521,11.21679776110825
2572-54056-273,11.091956319290988
2574-54084-180,11.50652838655469
2574-54084-322,11.28250969862168
2575-54085-85,11.019530230860086
2576-54086-465,11.413544031073029
2577-54086-403,11.226882075402806
2577-54086-543,11.093897318164256
2578-54093-82,11.393086427878691
2578-54093-330,11.153305840879753
2579-54068-221,11.352681827616587
2580-54092-364,11.492262511916644
2582-54139-586,11.282568208718551
2583-54095-40,11.236986718141372
2583-54095-366,11.23822404800217
2584-54153-52,10.965218455614728
2584-54153-165,11.242401605208237
2584-54153-471,11.050003507507412
2585-54097-281,11.210381395411952
2585-54097-289,11.203302680600318
2585-54097-402,11.114185416131951
2586-54169-148,11.467689742869881
2588-54174-477,10.853094158778683
2589-54174-290,11.217994429796988
2596-54207-42,11.35503412581624
2598-54232-330,11.129924744142514
2599-54234-2,11.007855858334528
2599-54234-17,11.156012730545623
2599-54234-56,10.904741678749465
2599-54234-152,11.275672153305594
2599-54234-619,11.489655028754015
2599-54234-637,11.013069881955891
2600-54243-187,11.292591492121812
2600-54243-291,11.491571354362536
2600-54243-346,11.08268073650229
2600-54243-351,11.226904521278875
2600-54243-414,10.981797410004459
2600-54243-555,11.219866905144796
2601-54144-210,11.48802574162407
2603-54479-181,11.291763121137713
2603-54479-355,10.963516550006503
2603-54479-447,11.27968101043886
2604-54484-628,11.29374267710645
2605-54484-11,10.996746128183357
2605-54484-497,11.140028335322501
2605-54484-622,11.473327787478853
2606-54154-257,11.59586641189477
2606-54154-296,11.356848057220791
2607-54184-45,11.382229567156724
2607-54184-127,11.073185553747727
2607-54184-403,10.991357633898783
2608-54474-462,11.066004557930285
2608-54474-528,10.943214886260794
2609-54476-105,11.009305559982264
2609-54476-171,10.975758054013465
2609-54476-387,11.114268505226772
2609-54476-520,10.807099118012738
2610-54476-9,11.38339293618318
2610-54476-548,11.048732170080374
2611-54477-224,11.347781016682738
2611-54477-520,11.046074194680697
2613-54481-81,11.148626099988052
2615-54483-254,10.95076440304328
2616-54499-76,11.057238096703323
2616-54499-295,10.975942762980056
2616-54499-326,11.479492359700432
2616-54499-348,11.12543403267367
2617-54502-128,11.415350405970255
2617-54502-245,11.272472465075733
2617-54502-265,11.143266797834947
2618-54506-207,10.868406814164567
2619-54506-120,11.083264721157514
2619-54506-600,11.314529026935098
2641-54230-440,11.133167700827647
2643-54208-558,11.044784562926928
2646-54479-463,11.2416238298343
2646-54479-518,11.193004398081035
2649-54212-14,11.261188865436878
2649-54212-36,11.251912290558247
2649-54212-258,10.964629362949498
2650-54505-152,11.235256026023787
2650-54505-185,11.277523842457155
2651-54507-430,10.957103229440117
2651-54507-467,11.43768446958178
2656-54484-118,11.169578277466496
2656-54484-128,11.489008922576808
2656-54484-211,11.420606862902783
2658-54502-15,11.050592722471556
2659-54498-15,11.068573744981478
2660-54504-537,11.213649846220955
2661-54505-126,10.969999395672456
2661-54505-333,11.535447601934518
2664-54524-342,11.101209641540693
2744-54272-79,11.261307381732056
2744-54272-85,11.247238362261422
2744-54272-431,11.454357837369118
2744-54272-560,11.035830028977072
2744-54272-630,11.402572690801533
2747-54233-505,11.194380723998037
2748-54234-388,11.269432354410059
2752-54533-461,11.09902406781358
2754-54240-231,11.047373583053732
2754-54240-454,11.430218539373119
2755-54507-226,11.467635494092324
2756-54508-336,10.986138684542643
2756-54508-614,11.011703946872357
2757-54509-127,11.037965453644391
2757-54509-312,11.186911605224967
2757-54509-373,11.059026177058977
2757-54509-516,11.422882337080084
2759-54534-230,10.99005390491781
2760-54506-238,10.983003104790262
2760-54506-589,11.129993874769317
2761-54534-296,11.13876065972434
2761-54534-362,11.265924289665575
2761-54534-520,11.167074413156897
2764-54535-362,11.13597236530805
2765-54535-282,11.31232034786127
2766-54242-54,11.312206146003318
2767-54243-525,11.109025929122614
2768-54265-57,11.263307679225639
2770-54510-351,10.997770437485276
2773-54533-443,11.13589544054522
2775-54535-567,10.70232478819157
2775-54535-570,11.341772989869323
2776-54554-76,10.83103888979135
2776-54554-396,11.097129709874872
2777-54554-86,11.32231949657449
2777-54554-193,11.19091771404684
2777-54554-506,11.056951034641884
2778-54539-388,11.110559959842812
2780-54557-404,11.414268740961285
2782-54592-637,10.903596734501562
2783-54524-156,11.286739966602438
2784-54529-557,11.233058139027676
2785-54537-48,11.440854442193324
2785-54537-82,11.08106751374746
2786-54540-72,11.355835165062272
2788-54553-539,11.312679201201059
2794-54537-17,11.163520421970677
2794-54537-124,10.921131026054626
2795-54563-574,11.188769743336126
2881-54502-532,10.838097129073297
2881-54502-556,10.874242504610804
2883-54525-474,11.328517314850632
2886-54498-405,11.250939004862683
2886-54498-445,10.908684716223194
2947-54533-47,11.1525967941958
2949-54557-66,11.123550520803683
2949-54557-348,11.061551668396879
2951-54592-618,10.866952505599958
2953-54560-431,11.082216594167653
2954-54561-264,11.212130712537224
2967-54584-63,11.311686533697468
2967-54584-219,11.311377713387905
2967-54584-266,11.198579249400325
2967-54584-294,11.382231504063638
2968-54585-111,11.071108312828871
2969-54586-347,11.399539372479287
2970-54589-150,11.252238030415466
2972-54586-115,11.131964868914732
2972-54586-251,11.062756169676057
