Nome,0.5
266-51630-177,11.063445335607312
267-51608-125,11.055077423616016
268-51633-98,11.335050439478529
268-51633-369,10.896823954921665
268-51633-509,11.363504348035974
268-51633-625,10.943839328178276
269-51910-214,11.258601710449634
269-51910-271,11.024572160147128
270-51909-42,10.842666217681272
270-51909-113,11.190820748546114
270-51909-618,11.29098024212437
271-51883-175,10.926886296715013
271-51883-265,11.275076820392075
274-51913-252,11.268330877789126
275-51910-610,11.3170524932014
276-51909-436,11.111507788744426
277-51908-382,11.134792452980209
279-51984-225,11.010456066755616
279-51984-516,11.478933627434532
279-51984-595,11.025321450230752
280-51612-145,10.929052503061259
280-51612-441,10.96304532077122
283-51959-453,11.194439935126306
284-51943-559,11.24463939734451
285-51930-140,10.939920804854626
286-51999-432,11.16266408258042
290-51941-245,11.054722099822804
291-51928-156,11.154211252334935
291-51928-439,11.176805822185736
291-51928-571,11.1325516482981
292-51609-393,11.127788086137244
294-51986-253,11.348199323628926
295-51985-410,11.354457220684642
295-51985-486,11.215875164234278
295-51985-634,11.299711219169247
296-51984-230,11.185704943267458
296-51984-233,11.05854960026119
296-51984-422,11.073932537144566
297-51959-198,11.12416907339179
297-51959-467,11.162655489975592
299-51671-590,11.106798007229147
302-51688-99,11.017530120262775
302-51688-176,10.859929099292852
302-51688-623,10.817591553143432
302-51688-636,10.896961419000743
303-51615-75,11.30359132877102
303-51615-278,11.12268874967283
303-51615-552,11.106821465764424
304-51609-90,10.856271439950687
305-51613-506,11.24997264393436
306-51637-72,11.198667378877726
307-51663-385,10.794611026600693
310-51990-71,11.215235919387052
310-51990-74,11.124600749081806
310-51990-390,11.132363024012603
311-51665-186,11.444476507270483
311-51665-605,11.221058528954346
313-51673-26,11.234540674503668
313-51673-153,10.683532319935903
313-51673-414,11.107895864015854
315-51663-557,11.075594586531931
315-51663-581,10.897590610548324
328-52282-505,11.024263261960893
328-52282-507,11.01951890293227
329-52056-140,10.989339290264121
330-52370-600,11.219836533154359
332-52367-535,11.076064652910448
333-52313-428,11.212649473260957
334-51993-57,10.989646253691506
334-51993-240,11.02949070812322
336-51999-580,11.407809302446196
337-51997-365,11.086392244925882
337-51997-366,11.106312064577526
337-51997-415,11.150751138166758
337-51997-417,11.179628966828592
337-51997-450,11.24777033597388
338-51694-459,11.07911317833732
338-51694-464,11.09159365049366
338-51694-468,11.358450786007117
338-51694-495,11.164439571574977
339-51692-192,11.181715176315123
339-51692-276,11.069365913907303
339-51692-422,11.081516263014686
339-51692-594,11.301084807859008
339-51692-603,11.16817713131208
339-51692-609,11.06957559562389
340-51990-389,11.15943261721686
340-51990-390,11.070190586020258
341-51690-133,11.4354040447455
341-51690-542,11.135029570495321
350-51691-90,10.992791264241022
350-51691-92,10.976721015372476
350-51691-251,11.076117482307405
351-51695-578,11.345799906730461
355-51788-290,11.164480079757455
359-51821-368,10.97876594326177
362-51999-296,11.12921953602759
363-51989-174,11.21509044168261
363-51989-279,11.15532850270523
363-51989-494,11.205460545363648
367-51997-234,11.590749066979464
371-52078-283,11.388340577137916
371-52078-335,11.222795920973779
374-51791-118,11.239702800510992
374-51791-182,11.230884165171526
374-51791-405,11.280246576999415
376-52143-78,11.365943478539531
376-52143-471,10.992727775657094
378-52146-611,10.975388288748785
379-51789-562,11.07673847748133
380-51792-509,11.00558231816872
382-51816-366,10.74477584542877
383-51818-381,10.995242474849
384-51821-577,11.518527193164852
385-51783-354,11.335677110201347
387-51791-465,11.040931663212247
387-51791-552,11.010487353124192
389-51795-62,10.89344772474806
390-51900-586,10.941283739628037
392-51793-86,11.099975519914432
394-51913-40,11.331594852458952
395-51783-177,10.863146192196856
398-51789-76,11.092809188589037
398-51789-448,11.16015871995928
399-51817-171,11.138570469027817
399-51817-427,11.406263666747082
402-51793-221,11.139256117596679
403-51871-54,10.746934752561502
403-51871-403,11.17922460122624
404-51812-67,11.033940870981494
404-51812-287,10.785911111524122
404-51812-312,11.191198730868336
407-51820-132,11.047911647237585
407-51820-343,10.931258157811545
407-51820-609,11.044369227853762
409-51871-427,11.033091687096759
411-51817-41,11.084996018379016
412-52258-514,10.630018733513811
415-51810-134,10.93220796192777
418-51817-199,10.94462891231397
418-51817-630,11.01166334711484
419-51879-439,11.095377945770842
422-51811-139,11.231973618468345
422-51811-166,11.340705337850217
426-51882-200,11.178564355218477
428-51883-211,10.838085161837503
430-51877-325,11.074093436943635
432-51884-170,10.935300114731977
432-51884-470,11.073605448745592
435-51882-509,11.334819525858261
435-51882-538,11.08958490234073
437-51876-144,11.032455144552697
439-51877-40,10.878105501209607
439-51877-165,11.177492861658639
441-51868-111,10.850354465505653
442-51882-108,10.902225515943304
442-51882-146,10.954061394139746
443-51873-598,10.936029625632605
443-51873-633,10.842765083467322
444-51883-147,11.192615664139096
444-51883-626,11.215366396057066
445-51873-567,11.273592355705484
445-51873-581,11.238090682504495
445-51873-622,10.92518557934494
446-51899-71,11.004571229487423
447-51877-460,11.216296232768263
448-51900-180,10.69990564165172
448-51900-411,11.146119309559946
448-51900-518,11.29572624101999
449-51900-193,11.140560583303655
450-51908-367,11.075519026095208
452-51911-333,11.237986737008248
453-51915-343,11.141909793129775
457-51901-570,11.414083732322203
459-51924-211,10.901000036781568
467-51901-71,11.27160363921656
467-51901-272,11.280818308479233
467-51901-458,11.02752015618508
468-51912-262,11.365258972713864
471-51924-95,11.168579351210864
472-51955-78,11.258433868539901
472-51955-82,11.144807686210273
475-51965-39,11.08692154053921
475-51965-84,11.27230453190299
476-52314-257,10.682686260335984
477-52026-194,10.969696199930798
480-51989-344,10.683463644915753
481-51908-40,10.795793496903146
481-51908-149,11.204702266568185
481-51908-296,11.21388748993777
483-51924-548,11.326290288168677
485-51909-432,11.151659269628997
486-51910-250,11.287754115156902
487-51943-182,11.08540077587704
490-51929-28,10.819521701690611
491-51942-468,11.031041428462087
493-51957-533,11.270772607795696
496-51988-187,10.81567977778416
496-51988-459,11.29772024002069
503-51999-452,10.940968132579906
503-51999-550,10.899548729434704
504-52316-536,11.106901491677954
505-52317-501,11.131857972889856
506-52022-400,11.039254479082222
508-52366-417,10.957477373206567
509-52374-164,10.801540542675125
509-52374-427,10.936507946230883
509-52374-493,10.918114609956895
510-52381-175,11.227582495789216
510-52381-199,11.037805227935014
510-52381-408,10.991268253774978
510-52381-475,11.167030042630648
511-52636-133,11.333726223366476
511-52636-481,11.096627927524798
514-51994-168,11.210216630946153
515-52051-420,11.136567931625668
518-52282-406,11.177013698908166
518-52282-449,11.107392997244213
518-52282-450,10.983284122413993
518-52282-452,11.054652811312868
518-52282-566,11.21343595898067
518-52282-568,11.001728857589939
518-52282-577,11.10290469242206
519-52283-193,11.103519289163753
521-52326-25,10.86859506720196
521-52326-207,11.296377239421465
521-52326-264,11.151814378852208
521-52326-303,11.01107713306009
521-52326-440,11.02636259101894
522-52024-221,10.794273969104355
522-52024-375,11.333492130155866
523-52026-538,11.384995629493778
524-52027-163,10.695192018743208
524-52027-361,11.220105968679066
528-52022-306,11.130433077718735
529-52025-118,10.966099458980462
529-52025-218,11.051661613145848
529-52025-228,10.984726424309265
530-52026-510,11.2107566337511
531-52028-122,11.011659374823015
531-52028-451,11.130217034513263
533-51994-109,11.443064608307774
533-51994-338,11.173247332625506
534-51997-555,11.03309895482384
534-51997-634,11.118649241812596
537-52027-270,11.006793426675262
537-52027-313,11.238096088652325
537-52027-609,10.624636910390072
539-52017-490,11.221485266988552
540-51996-195,10.907699880512617
540-51996-530,11.212872101761398
544-52201-141,10.969294945211056
545-52202-253,11.259113766605514
546-52205-433,10.838883064963264
552-51992-461,11.315522920352015
553-51999-403,11.443265224088782
553-51999-460,11.371049281107071
553-51999-545,11.271418756589721
554-52000-275,10.98043204052362
554-52000-395,11.242052323992338
555-52266-64,10.63858507379904
555-52266-156,10.812759226077421
556-51991-58,11.339322636064207
558-52317-440,11.090752849489835
559-52316-298,11.318849217887811
560-52296-180,11.356100158844345
564-52224-36,11.047187827598044
565-52225-408,11.304072112951108
566-52238-546,11.237191384641191
567-52252-109,11.002956256421566
568-52254-250,11.198718304782266
569-52264-551,11.371064281420958
571-52286-323,11.511782427813042
571-52286-588,11.64384756544778
576-52325-290,11.106473336782463
576-52325-291,11.316938401930654
577-52367-260,10.969115768407987
577-52367-536,10.797522065459718
577-52367-547,11.144843463861749
577-52367-589,10.916046668936648
577-52367-629,11.068330780715456
578-52339-322,11.019092187474719
578-52339-369,11.042286816681935
578-52339-622,11.140759260106122
580-52368-387,10.993082493731702
581-52356-293,11.008437037282036
581-52356-483,11.157227676324512
581-52356-549,11.091880567007802
582-52045-137,11.182952736512203
582-52045-527,11.330307300851
582-52045-535,11.296343878808106
582-52045-610,11.139070578819018
584-52049-460,11.098446462046963
585-52027-539,11.180336565161642
586-52023-21,11.093233990915332
586-52023-69,10.808505999541625
586-52023-73,10.76077143510383
587-52026-238,10.98254165767739
587-52026-276,11.080958835067257
587-52026-305,11.154750209090695
589-52055-57,11.004701187723734
589-52055-293,11.184067495058123
590-52057-257,11.16378299721374
591-52022-4,10.876984402163531
591-52022-176,11.027271880303507
591-52022-370,11.683454246875426
591-52022-406,11.254928659500546
591-52022-440,11.263448359118582
591-52022-580,11.229522582502536
592-52025-64,10.879259531700361
593-52026-266,11.268116844892905
593-52026-307,11.17234154698459
593-52026-389,11.273800585242904
594-52045-388,11.214843383272749
599-52317-355,10.945677303723933
602-52072-100,11.298257775714422
602-52072-181,10.644145591637583
604-52079-180,11.004586061867903
606-52365-167,11.23070290737863
607-52368-48,11.414866446831901
608-52081-350,11.29170177451715
609-52339-499,10.91284237432855
610-52056-219,10.895576787362087
612-52079-188,11.114782165159014
614-53437-422,10.943474684534038
616-52442-245,11.202355283847348
617-52072-347,10.910446062166715
618-52049-326,11.088271376876175
619-52056-100,11.279949798934963
619-52056-562,11.10095621375476
621-52055-83,11.10138795711288
621-52055-100,10.855297020160785
621-52055-136,11.169837858931917
622-52054-342,11.132581791226961
622-52054-524,10.749742694834412
623-52051-79,11.191654979327696
623-52051-425,11.42395468350211
623-52051-483,10.751691732991159
624-52377-640,10.834672339789599
625-52145-347,10.669090992639116
625-52145-375,11.263849986802054
626-52057-17,11.101781568160312
627-52144-39,11.086169789372983
629-52051-148,11.100676057576491
629-52051-175,11.057850023617917
631-52079-450,11.132337572988371
631-52079-631,11.130158927794925
632-52071-381,11.13499815760684
632-52071-442,10.876073963511399
632-52071-523,11.076235791259217
633-52079-51,10.90500714508658
633-52079-583,11.12440098290672
634-52164-626,11.178282548606969
635-52145-282,11.205581440221598
637-52174-40,11.019818824215161
638-52081-291,11.076201001964362
644-52173-394,11.305247774645458
648-52559-199,10.9671450137406
648-52559-275,11.146318240091208
649-52201-130,10.960294695377042
649-52201-188,11.047925258571018
649-52201-570,11.125569471417451
650-52143-389,11.306450407355989
651-52141-295,10.915574963007197
651-52141-511,10.904910776200426
653-52145-518,11.20656399443026
654-52146-379,11.159082355395862
655-52162-72,11.300778539241009
656-52148-360,11.095462556796015
656-52148-412,11.17530639126135
656-52148-522,10.981809367046974
657-52177-103,10.853410454032103
658-52146-301,10.881668647758577
658-52146-453,10.966611989389483
659-52199-133,11.161847736405736
660-52177-411,10.911783364082723
661-52163-163,11.239169320134122
662-52147-260,11.178895734349107
664-52174-320,11.273052659732112
668-52162-121,11.201022758104704
668-52162-188,11.283562670063597
716-52203-180,11.41710034446815
717-52468-94,10.949482121402916
718-52206-117,11.123523759326396
721-52228-165,11.203543480854425
722-52224-456,11.170584892972798
725-52258-65,11.18893016415297
726-52226-59,11.067074338538443
726-52226-504,11.040212409471783
729-52468-271,11.278174638705455
730-52466-25,10.705433387329267
730-52466-64,10.845801111475277
732-52221-348,11.18691054136769
732-52221-391,11.07002722997762
735-52519-634,11.124216075330855
738-52521-62,11.322649938502234
738-52521-556,11.29850858404106
739-52520-232,11.209773860221686
741-52261-387,11.036985097837439
746-52238-291,10.868522957958016
748-52233-227,11.060023898049891
750-52235-145,11.1018713572295
752-52251-56,11.342978059113367
758-52253-72,11.107459681854284
758-52253-632,11.3442637157526
759-52254-17,11.1583597240981
759-52254-408,11.008821757289455
759-52254-495,11.171935266824086
761-54524-131,10.825062254385308
761-54524-385,11.07339497796584
762-52232-86,10.966866766821871
766-52247-589,11.071337976869525
775-52295-263,10.773591506576516
776-52319-259,11.040013580804978
776-52319-470,11.139207840707769
776-52319-574,11.277474140788971
777-52320-42,11.084827432094134
779-52342-4,11.19287796134989
781-52373-579,11.114600684042568
782-52320-549,11.180998831808312
783-52325-275,11.316520790571866
785-52339-68,11.063559353564203
786-52319-285,11.332756908022663
794-52376-29,10.967365817900582
795-52378-600,10.991220812926624
812-52352-455,11.001714913831277
813-52354-164,11.023059241842022
815-52374-433,10.964216125679647
816-52379-306,10.97786658627662
816-52379-513,10.992345113101404
817-52381-127,11.053911218177378
817-52381-550,11.183471656504498
820-52438-72,11.22163203775146
820-52438-196,11.077756010642485
828-52317-185,11.038033118604416
830-52293-133,11.098154411372738
832-52312-235,11.263591127088613
835-52326-136,10.766360735002682
835-52326-349,10.951089801015485
835-52326-567,11.054200638187218
838-52378-481,11.234303569959138
838-52378-519,11.48012059468481
838-52378-574,11.216923813005588
839-52373-310,11.066906978497537
840-52374-45,11.291981379466083
840-52374-106,10.976588944446384
840-52374-370,11.039289754187815
840-52374-542,10.971173270037305
842-52376-585,11.22178012696444
842-52376-590,10.99265573017304
842-52376-625,11.037868836225172
843-52378-386,11.1997853039932
843-52378-399,11.138619923274177
843-52378-431,11.08924527400194
843-52378-511,11.10187046175188
844-52378-216,10.944846498810676
844-52378-219,10.952015717665295
845-52381-552,10.979428934523188
846-52407-188,11.085284737602818
846-52407-255,11.104556809165306
846-52407-522,11.283241926302939
847-52426-430,11.26300968475962
848-52669-115,11.352024020834339
849-52439-81,10.98470784576217
850-52338-67,11.098505761466646
850-52338-178,11.303656805643714
854-52373-108,10.971157095644063
854-52373-584,10.875624756847259
855-52375-333,11.190104971456515
855-52375-506,11.170253776002696
855-52375-581,11.022300626339458
856-52339-279,11.057186725846275
865-52323-284,11.117704413924411
865-52323-442,11.212452532272687
878-52353-110,11.198339193857365
881-52368-265,11.002664297101603
882-52370-1,11.092140704041814
882-52370-36,10.801792503092656
882-52370-214,10.987456572674608
882-52370-607,11.267524807399766
882-52370-631,10.966580917991271
883-52430-289,11.348528866064893
884-52374-129,11.248610576338063
884-52374-502,10.701043234581295
885-52379-522,11.192483317918093
886-52381-6,10.832587801654418
886-52381-89,11.36684816151326
886-52381-186,11.0223105519339
886-52381-531,11.004880752154705
887-52376-541,10.68461578620988
888-52339-13,11.107986309300841
889-52663-405,11.28559100766556
889-52663-612,10.90488045191483
890-52583-535,10.99405844724083
892-52378-96,10.994941953043574
892-52378-150,11.020148049105257
893-52589-79,11.313470391005565
893-52589-170,11.128535595345504
895-52581-1,10.969691651502607
896-52592-80,11.264365898216846
904-52381-69,11.25426371575643
904-52381-219,11.142950839562154
904-52381-310,11.232961808097114
904-52381-331,11.154784061763948
906-52368-26,11.997615135372355
908-52373-523,11.00443195713007
909-52379-335,10.96433265221386
910-52377-59,11.111928982481352
910-52377-503,11.078616086879293
911-52426-426,11.105118545021599
911-52426-492,11.093236681487298
912-52427-167,11.301211243680953
914-52721-148,11.328515519189535
914-52721-184,11.25707272397977
915-52443-62,11.07549166398156
915-52443-170,11.132676016448311
919-52409-73,11.225732426314185
922-52426-26,10.878382132037293
922-52426-324,11.006384569541488
922-52426-441,10.834697854596222
923-52404-318,11.384110725601108
923-52404-456,10.735573860404246
924-52409-23,11.062556138145512
924-52409-318,10.954795952831764
925-52411-174,11.331692209519032
925-52411-397,11.443341993686767
925-52411-623,11.07929159975566
926-52413-508,11.019002824092249
932-52620-27,11.198723163353327
933-52642-515,11.289822108301886
933-52642-618,11.347595790136646
936-52705-190,11.223978384267781
937-52707-75,11.071409872694664
937-52707-233,10.91353457302451
938-52708-118,11.130931283609844
940-52670-70,11.103424483431905
941-52709-71,11.087211655049218
941-52709-86,10.929115711994385
941-52709-252,11.23769982437166
942-52703-186,11.102299048893578
942-52703-408,10.888050303339844
943-52376-583,11.083415186858765
944-52614-379,10.96460372807847
944-52614-632,11.27725372427844
945-52652-105,10.926606229248847
946-52407-243,11.130857572085977
949-52427-225,11.231395141277536
950-52378-632,10.846162491902787
951-52398-165,10.990979900372865
955-52409-191,11.221144397225043
955-52409-483,10.96103042810951
957-52398-581,11.142376904104216
959-52411-37,10.959727312517224
959-52411-598,10.968964478631854
960-52425-418,11.269821062239362
960-52425-429,11.146772760910926
960-52425-449,10.975248495112998
960-52425-477,10.896986980360744
961-52615-378,11.210257309311737
961-52615-468,10.703500659915127
964-52646-69,11.02327679452316
964-52646-82,11.026601235858953
966-52642-31,11.365626203919064
967-52636-444,10.93699656059237
969-52442-108,10.937171853530113
969-52442-355,11.061433218278037
969-52442-601,11.000303948441983
971-52644-524,11.248482738042945
972-52435-1,11.244019933460491
973-52426-142,11.23291701674565
973-52426-240,11.24164143771993
974-52427-142,11.090537606854156
974-52427-173,11.370046896352115
974-52427-632,11.11883193139523
975-52411-437,10.962650080394113
976-52413-323,10.797041992525868
977-52410-59,11.191487795333407
979-52427-148,11.17485140144488
982-52466-89,11.120460754852894
982-52466-95,11.197299881144378
983-52443-185,11.161882607815398
983-52443-260,11.054462519750366
985-52431-393,11.013344546559157
985-52431-589,11.110960118956342
994-52725-164,11.035508865279757
994-52725-194,11.100937176453245
994-52725-518,11.289876673574875
994-52725-544,11.133616479759
994-52725-560,11.147917800255447
995-52731-25,11.23364447643415
995-52731-605,10.731378739058187
997-52734-503,11.129078524821328
1000-52643-165,11.208646406537136
1000-52643-278,11.45823712758472
1000-52643-549,11.15064274155997
1002-52646-197,11.126642472296504
1002-52646-541,10.815248549570926
1003-52641-126,11.05423650454932
1004-52723-64,11.122568517053416
1004-52723-288,11.171495406932245
1004-52723-373,11.089656967866055
1004-52723-620,10.920489061835484
1006-52708-582,11.2000720571958
1008-52707-428,11.26730481088525
1008-52707-470,11.113675555652922
1009-52644-413,10.860495070257056
1011-52652-495,11.264682166791427
1013-52707-390,11.109187095722318
1014-52707-249,11.110616200991215
1014-52707-459,11.24774158952503
1014-52707-515,10.88309743107062
1015-52734-329,10.87485200820417
1015-52734-530,10.99524361423352
1016-52759-444,11.000227510623754
1016-52759-456,10.932111094542266
1016-52759-542,11.12067677118501
1016-52759-565,10.67793359918875
1017-52706-335,10.709847880877819
1018-52672-88,11.20667544985936
1018-52672-524,11.397713756829846
1019-52707-545,10.989003750773463
1040-52722-17,10.604056714144285
1041-52724-626,11.01817723374687
1044-52468-518,11.071049447319496
1045-52725-206,11.151618334074033
1046-52460-148,11.179663832531771
1046-52460-293,10.916146713204395
1047-52733-274,10.92935067183561
1048-52736-63,11.343307660147696
1048-52736-567,11.118707169383018
1050-52721-98,10.963852338241418
1051-52468-339,10.95468386337084
1051-52468-498,10.92491691211218
1052-52466-5,11.10711091419773
1052-52466-36,11.374932636606374
1052-52466-259,10.97671563331575
1054-52516-264,11.140240812581586
1055-52761-398,11.266854310355086
1056-52764-112,10.75214721388352
1056-52764-209,10.63222688788369
1056-52764-278,11.09296297920078
1056-52764-457,10.681994998533694
1056-52764-467,11.09086033551397
1057-52522-314,11.004218662983854
1061-52641-323,10.958183918254182
1061-52641-325,11.381829804304397
1158-52668-351,11.23190234788485
1159-52669-131,11.3791316654127
1159-52669-136,11.077206608459885
1159-52669-575,11.13981074341835
1161-52703-345,10.993248307203208
1162-52668-563,11.02279305208118
1164-52674-9,11.034371862728356
1164-52674-432,10.94217565027964
1168-52731-190,10.903934702884376
1170-52756-345,10.715465826769853
1170-52756-517,11.071085868286907
1172-52759-40,10.904377663172609
1172-52759-93,10.97287039894455
1172-52759-105,10.954951367290038
1172-52759-158,10.835327235881135
1172-52759-285,10.950829787774252
1172-52759-592,11.15626012372513
1174-52782-48,11.15256127330855
1175-52791-184,11.144071085732463
1178-52825-245,10.703834266321818
1184-52641-337,11.224149255753371
1185-52642-335,11.258698229309445
1185-52642-338,10.887449308393727
1185-52642-374,11.09812445725793
1185-52642-438,11.304160266359927
1189-52668-67,11.121190718470167
1190-52670-569,11.086283793977652
1192-52649-118,11.220794811891077
1194-52703-110,11.230801132382163
1194-52703-211,11.141533525745121
1198-52669-176,11.227375616356971
1198-52669-340,11.152599718803817
1199-52703-360,11.126387889832113
1199-52703-553,11.212880976638502
1200-52668-616,11.169719238351982
1201-52674-544,10.95260349198767
1203-52669-619,10.961050901184246
1206-52670-126,11.070164559221423
1207-52672-568,11.0990358838521
1207-52672-615,10.657420775417227
1208-52672-284,11.14551005418765
1208-52672-545,10.883368945652201
1210-52701-371,11.133209277218475
1210-52701-499,11.053636822724668
1211-52964-510,10.878280476660501
1214-52731-312,10.951878979396495
1215-52725-53,11.333918542920614
1216-52709-14,11.308736872485595
1216-52709-577,11.068648287825946
1217-52672-563,11.043589934332559
1220-52723-157,11.079747220762636
1220-52723-210,11.013744275702964
1220-52723-354,10.970909869582263
1220-52723-426,11.15017903856597
1222-52763-170,10.925803644373733
1222-52763-542,11.178929106062402
1223-52781-40,10.659257214140935
1223-52781-172,11.280333269697335
1224-52765-63,10.95450991270544
1225-52760-29,11.180601029671683
1225-52760-183,11.122064853087348
1226-52734-448,11.02053466550618
1226-52734-551,11.08419241677091
1228-52728-483,11.074630104137663
1229-52723-208,10.83652690895548
1229-52723-442,11.020502569327048
1231-52725-49,11.299495758734274
1231-52725-174,11.22973210917087
1231-52725-390,11.131277841484165
1231-52725-460,10.786870916770535
1231-52725-507,11.377481202939478
1234-52724-393,10.871662062836668
1234-52724-440,11.224233528981856
1234-52724-471,11.25001585605367
1234-52724-519,11.135861979389933
1234-52724-629,11.045807487543417
1236-52751-43,11.254376890221435
1237-52762-178,11.292398729439197
1237-52762-397,11.210912991928021
1237-52762-481,11.24161141048928
1239-52760-339,10.75658273412447
1242-52901-331,11.282061926350016
1263-52708-275,11.16791175589581
1264-52707-390,11.106104565116675
1268-52933-29,11.246704315342882
1268-52933-62,11.111220367838175
1269-52937-9,11.206628217887339
1270-52991-59,11.188743188757002
1271-52974-335,11.177783906080757
1272-52989-142,11.270945222797817
1272-52989-400,10.808241040872376
1272-52989-480,11.235904945974736
1275-52996-87,11.3174483176168
1275-52996-270,11.389952695222243
1275-52996-483,11.442686416886096
1275-52996-553,10.971074308662079
1276-53035-1,11.024789110831778
1276-53035-180,10.957133592917812
1277-52765-210,11.015467282334955
1278-52735-485,11.132496597034143
1278-52735-631,11.142629887257778
1282-52759-136,11.208537280970768
1283-52762-69,11.279846578912798
1283-52762-128,10.743987317412147
1284-52736-150,11.04255143418706
1287-52728-125,11.177096050095674
1291-52738-304,11.030206440191504
1291-52738-501,11.150288424683344
1295-52934-57,11.168819765977085
1296-52962-54,11.404918683688944
1296-52962-55,10.7459164620022
1299-52972-634,10.933042495729872
1300-52973-304,11.24509490148042
1301-52976-204,11.504383077955616
1302-52763-26,11.134242993682108
1309-52762-126,11.075716724134299
1309-52762-199,10.54383888914069
1310-53033-138,11.06811158537789
1310-53033-323,11.156669613628182
1311-52765-114,11.059458601522898
1311-52765-249,11.199626176401946
1312-52781-556,11.097092859070273
1313-52790-48,11.142188361826669
1313-52790-85,10.935422314638622
1313-52790-525,11.171818590788968
1314-53050-289,11.125078498976205
1319-52791-444,10.979486975807097
1322-52791-166,11.300160106466647
1322-52791-511,11.143980791979041
1323-52797-21,10.985176865589212
1323-52797-372,10.90413905477018
1323-52797-623,10.848612312166226
1324-53088-162,11.225690299866162
1324-53088-510,10.75209742229933
1324-53088-639,11.179525125124387
1325-52762-278,11.296546499379968
1325-52762-416,10.921623822825675
1327-52781-345,11.024277850690375
1329-52767-273,11.022942151016705
1331-52766-3,11.155497853453113
1331-52766-416,10.951486593462144
1333-52782-469,11.063244323971405
1337-52767-499,11.037864791192924
1337-52767-592,10.6322733408801
1339-52767-634,11.176093202255421
1340-52781-108,11.150171061947956
1340-52781-314,11.23711171911609
1341-52786-114,11.271033360624733
1341-52786-129,10.725429981451182
1342-52793-266,10.960616228535605
1343-52790-97,10.996056878170362
1343-52790-387,10.934064655887543
1344-52792-49,11.205631199552448
1344-52792-135,11.248263584503984
1347-52823-236,11.236127737650156
1347-52823-374,11.060053676262223
1347-52823-385,11.400206701639283
1347-52823-400,11.138213652492782
1347-52823-465,11.221632932220597
1348-53084-95,11.069822964302222
1348-53084-106,11.025699657849497
1349-52797-624,11.00070730266061
1352-52819-479,11.154122496753297
1356-53033-112,11.259668395526203
1356-53033-525,11.188068093335978
1357-53034-612,11.106711675203686
1359-53002-112,11.14832318429367
1359-53002-317,11.114487377610814
1362-53050-358,11.083101114166793
1364-53061-249,10.952338013452126
1364-53061-530,11.081734065842273
1369-53089-605,10.825388807492141
1371-52821-9,10.779941036015082
1372-53062-104,10.786358842958313
1372-53062-388,11.02930183812827
1374-53083-240,11.216087234145018
1375-53084-100,11.011489905045929
1375-53084-153,11.360442543935322
1375-53084-373,10.858095824345389
1376-53089-250,11.04248405190232
1377-53050-502,10.723335235207655
1378-53061-356,11.320566422480349
1379-53084-84,11.17290836666424
1379-53084-400,11.05688032097099
1380-53084-553,11.089161134754384
1382-53115-543,10.60315293278258
1384-53121-159,10.856731894675894
1384-53121-167,11.043515012729126
1385-53108-209,11.093669978937728
1385-53108-337,11.16459408632436
1386-53116-519,11.027862786300592
1390-53142-84,10.93309058598487
1390-53142-494,11.018072840344054
1391-52817-54,11.321339436500626
1391-52817-113,11.115160850080052
1391-52817-132,11.357163268804054
1391-52817-134,11.49556200279702
1391-52817-442,11.047065259633445
1391-52817-593,11.390778763854717
1392-52822-189,11.14432691700868
1392-52822-229,11.403813683338464
1392-52822-231,11.172022562004882
1392-52822-234,11.250231404946303
1392-52822-271,11.076676864600053
1392-52822-318,11.337066334358143
1392-52822-330,10.999148727924426
1392-52822-435,11.240260144020352
1393-52824-57,10.97907729016455
1393-52824-62,11.235013582391973
1393-52824-232,10.952105822369461
1393-52824-598,11.37086427321048
1394-53108-439,11.271421963410654
1395-52825-433,11.338572035188019
1395-52825-540,10.819188750620958
1396-53112-366,11.194186947865802
1401-53144-35,10.891801567001524
1402-52872-133,11.187247499220042
1404-52825-245,11.10638080735693
1404-52825-323,10.861643669640998
1406-52876-322,10.864714227083258
1406-52876-427,11.037291231448021
1409-52824-155,10.595044948472534
1409-52824-441,10.973230302153766
1409-52824-477,11.034424050916641
1409-52824-539,11.309524105624655
1415-52885-449,11.141768044346456
1416-52875-51,11.038745101165768
1416-52875-225,10.980458013106373
1416-52875-436,11.033782608620404
1416-52875-527,10.983350152530127
1417-53141-351,11.003781807244392
1417-53141-394,11.18501856088144
1417-53141-448,10.993604089294935
1418-53142-70,11.235543650695982
1418-53142-189,11.166786598170987
1419-53144-30,11.119817471243353
1420-53146-125,11.22049354533329
1420-53146-252,11.262454368849083
1420-53146-261,11.37442283780996
1421-53149-22,11.19058176965894
1421-53149-354,11.144546060173473
1423-53167-142,11.357272579892546
1424-52912-73,10.69757487031613
1424-52912-447,10.984001744656464
1425-52913-472,11.26964912594527
1426-52993-148,10.834981902392347
1426-52993-279,11.037867958213162
1427-52996-27,10.951455176866006
1427-52996-341,10.79679370804263
1427-52996-591,11.053406010820927
1428-52998-272,11.037944616777445
1428-52998-436,10.873665994084293
1429-52990-450,11.219589039282631
1431-52992-585,11.175092746421768
1435-52996-78,10.978315712026236
1435-52996-212,11.422645672400462
1436-53054-137,11.035905061091334
1437-53046-75,10.993022812420614
1439-53003-133,11.122846805196597
1439-53003-192,11.167646953750339
1439-53003-210,10.99980111552507
1439-53003-237,10.966081517449103
1439-53003-438,11.322665515322553
1442-53050-234,11.264227621193534
1443-53055-290,10.874775098864
1445-53062-43,11.161754109669726
1445-53062-542,11.165310807163348
1446-53080-164,11.262947674831732
1449-53116-456,11.422910757809902
1449-53116-525,11.246549083493653
1450-53120-37,10.813995671706504
1450-53120-302,11.268228853543905
1451-53117-213,10.903733570049788
1452-53112-187,10.719203077183145
1453-53084-40,11.071678759275695
1454-53090-336,11.26094489928037
1456-53115-371,11.097415741950146
1456-53115-372,11.009085537630142
1456-53115-623,11.182583569952257
1457-53116-143,11.159203271354146
1457-53116-277,10.8412916431796
1460-53138-381,10.773582216410034
1460-53138-602,11.431487592105713
1461-53062-352,11.149614217300014
1461-53062-541,10.982310885759691
1462-53112-51,10.9635196349239
1464-53091-336,10.738562058597605
1465-53082-64,11.122984086745975
1465-53082-512,10.995322432715751
1465-53082-525,11.429509177182165
1466-53083-43,11.355130033236131
1466-53083-165,11.229310774055033
1466-53083-408,11.102740525203439
1567-53172-250,11.087473551704225
1573-53226-249,10.92829592054136
1574-53476-268,11.09254278516448
1574-53476-310,11.035954106042873
1575-53493-61,11.268262291884925
1575-53493-82,11.298165415051944
1575-53493-198,10.82505613373868
1575-53493-521,11.170828106502277
1577-53495-102,11.115459286821444
1579-53473-187,10.928666201450037
1582-52939-16,11.05935836042263
1582-52939-151,10.969090132824181
1582-52939-225,11.114170865911781
1582-52939-457,11.018172561455968
1583-52941-633,10.914785780268733
1584-52943-455,10.741815203728304
1587-52964-236,10.982809104659998
1587-52964-258,10.882211495761617
1588-52965-227,11.227458544113395
1588-52965-239,11.132113668595064
1588-52965-398,11.470179047130937
1589-52972-135,11.15134722289969
1590-52974-211,10.676009955923458
1591-52976-309,10.765559246859171
1592-52990-81,10.838104036998791
1592-52990-231,11.030513044811372
1595-52999-133,11.472257502806693
1597-52999-516,11.21075432782906
1599-53089-467,11.323483873357402
1600-53090-21,10.879048519378582
1600-53090-51,11.192310469603987
1601-53115-595,11.433021765650183
1602-53117-439,11.161780298745827
1604-53078-243,11.038957273008497
1606-53055-33,11.069561328927657
1607-53083-457,11.207486015441573
1608-53138-25,11.1647018095372
1609-53142-219,11.010284068919091
1609-53142-549,11.150959081332594
1609-53142-586,11.426091704078543
1612-53149-570,10.937085790508554
1613-53115-104,11.183644406371071
1613-53115-266,11.054689920913521
1614-53120-40,11.431102973034733
1614-53120-421,11.322925747458413
1614-53120-522,11.159452511528697
1615-53166-173,11.015630024395417
1615-53166-179,11.1606583286587
1616-53169-75,11.082504693306625
1617-53112-207,10.968234243069812
1618-53116-174,11.261173478453195
1620-53137-497,11.172027748662586
1620-53137-503,10.761549125729449
1620-53137-626,11.121556502070938
1621-53383-8,10.925875968281686
1621-53383-150,11.245081836331845
1625-53140-61,11.030634426348426
1625-53140-493,11.114173807823336
1626-53472-521,11.035959553814784
1627-53473-287,11.133429056961536
1627-53473-441,11.213545333882301
1628-53474-257,11.198621118517895
1642-53115-42,10.813672944798247
1642-53115-251,10.85615612569888
1642-53115-539,10.982835816496353
1643-53143-35,11.069924952116416
1644-53144-256,11.018745617337114
1645-53172-607,11.281160406892196
1646-53498-48,11.248019019119845
1646-53498-141,10.928298632063171
1646-53498-450,10.890380003375158
1646-53498-573,11.264866313292284
1647-53531-196,11.152180374270024
1647-53531-208,11.186438956691484
1648-53171-211,11.155718662030003
1649-53149-17,10.955016919738291
1649-53149-78,10.964951004101948
1649-53149-181,11.267576197350019
1649-53149-605,11.241302286397174
1650-53174-268,11.0083306170543
1650-53174-296,11.134803873251055
1652-53555-596,11.265939123507549
1654-53498-384,11.077761396908643
1654-53498-526,11.210129082329097
1655-53523-29,11.078129572492466
1655-53523-195,10.907556322719877
1655-53523-494,11.060899316619077
1655-53523-626,11.025847639194913
1656-53533-165,11.278213524611218
1657-53520-531,11.129097931883459
1657-53520-545,11.246239839694509
1657-53520-606,11.077938657987296
1668-53433-260,10.997137483250896
1669-53433-540,10.92333103866427
1671-53446-458,10.946930402346968
1672-53460-105,11.082374570068025
1672-53460-441,10.919686060621224
1672-53460-535,11.22451235194664
1673-53462-204,10.840795535363023
1673-53462-340,10.992352886095643
1675-53466-147,10.804420004256183
1675-53466-332,11.22099654565453
1675-53466-546,11.35336817504176
1675-53466-590,11.318783501217569
1677-53148-465,11.536344269756928
1678-53433-246,11.085106013395436
1678-53433-611,11.206908670022948
1680-53171-65,11.260109730182847
1680-53171-218,10.877647060156216
1681-53172-115,11.198722157423676
1681-53172-311,11.00193474958825
1681-53172-486,11.22876324253329
1682-53173-111,10.907606612922422
1682-53173-465,11.031156542548233
1682-53173-528,11.112720197109756
1682-53173-626,11.081008584978973
1683-53436-212,11.146408547432465
1684-53239-336,11.453993222233684
1687-53260-522,10.818251792977987
1689-53177-191,11.117496339103754
1690-53475-300,10.71255109827028
1691-53260-621,11.166785447018551
1692-53473-208,10.940097810644613
1695-53473-210,11.31256034077832
1696-53116-561,11.43133624283358
1697-53142-50,11.067395049073147
1697-53142-425,11.036266732441534
1698-53146-236,10.849801304020103
1699-53148-104,11.04050799188031
1699-53148-246,10.756599457585716
1699-53148-388,11.218743254201026
1699-53148-489,10.614851082781776
1700-53502-511,11.170020782832069
1701-53142-239,11.146095293356245
1701-53142-271,11.168126826551395
1703-53799-166,11.209567795643368
1704-53178-217,11.095264966401619
1705-53848-321,10.7112784892765
1707-53885-300,10.840830832434381
1707-53885-469,11.01143738796673
1709-53533-52,11.11304390687712
1711-53535-158,11.256401777486555
1711-53535-214,10.907451543763894
1711-53535-609,11.225683043609775
1712-53531-225,11.147296555520956
1713-53827-49,11.092144806536325
1713-53827-180,11.042994046508543
1713-53827-287,10.87745428793934
1714-53521-133,11.050285103405265
1714-53521-255,10.93225657197049
1714-53521-273,10.591604360950791
1714-53521-508,11.240596429283144
1715-54212-42,11.481609158322312
1715-54212-157,11.082301310221741
1715-54212-235,11.213417275469224
1717-53883-27,11.061774080208917
1717-53883-167,11.391169150167812
1717-53883-351,11.306241074352224
1717-53883-451,11.217749962482882
1717-53883-488,11.010257031775566
1718-53850-112,11.01554739844008
1718-53850-159,11.084842966580695
1719-53876-195,11.11454641241346
1719-53876-261,11.05492689005613
1719-53876-262,11.099288426663279
1720-53854-121,11.013633320686212
1720-53854-397,11.37651560867126
1720-53854-432,11.285579586342603
1721-53857-479,11.165531946306938
1721-53857-494,11.065842256615737
1721-53857-500,10.823915057204395
1722-53852-302,10.743708623525809
1723-53905-275,11.098270336574837
1724-53859-25,10.777199502404223
1726-53137-227,10.920360878319135
1726-53137-239,10.888695262300644
1726-53137-356,11.357653537242008
1727-53859-337,11.010247337781408
1727-53859-340,11.128895624595447
1729-53858-268,11.31752774084678
1729-53858-577,11.218715942751775
1730-53498-236,11.035930637715209
1730-53498-311,10.910941622692592
1732-53501-612,11.48801867954201
1733-53047-88,11.07653962197629
1733-53047-178,11.19543550626042
1734-53034-295,11.003035504299424
1734-53034-315,11.3301705609106
1736-53052-457,11.341653841324923
1738-53051-85,11.21107337666607
1739-53050-60,11.227738703791976
1740-53050-250,10.712401508800758
1740-53050-617,11.451440745916724
1743-53054-287,11.398521918722578
1743-53054-559,11.36160411967842
1744-53055-283,11.04141617212618
1750-53358-574,11.333944919141553
1752-53379-25,11.041305077980311
1752-53379-135,11.078717234257466
1753-53383-441,11.2621111297182
1753-53383-617,11.092160991491907
1754-53385-154,11.281043975861744
1755-53386-245,11.095727769886782
1756-53080-547,11.315715613401668
1757-53083-571,11.270454860903442
1760-53086-493,10.935726801686062
1761-53376-249,11.035228754352103
1764-53467-318,11.53504926621746
1765-53466-259,10.991321754316274
1767-53436-90,11.042439219376458
1769-53502-438,11.20749603261126
1769-53502-497,10.943328141073266
1770-53171-481,11.040427670100668
1771-53498-43,11.286958163908897
1772-53089-579,11.149636719469873
1772-53089-615,11.172563128951634
1777-53857-523,10.817696103208025
1778-53883-224,11.214676107249058
1778-53883-480,11.359687488194362
1779-53089-120,11.199775723003988
1780-53090-394,11.129508337730773
1781-53297-443,11.06327335773688
1790-53876-69,11.157269455541604
1790-53876-150,11.002196358011362
1790-53876-426,11.33791419608315
1790-53876-438,10.957740050188708
1791-54266-41,11.314291694498966
1792-54270-48,11.12244970526353
1792-54270-391,11.375929066770345
1792-54270-612,11.132356861349287
1794-54504-184,11.22555212969437
1795-54507-12,11.166728020743538
1796-53884-393,11.086990952736677
1796-53884-451,11.039539951123341
1797-54507-64,10.849752510926612
1797-54507-153,10.80222837978936
1797-54507-484,10.907180548590372
1797-54507-495,11.131105809662039
1797-54507-566,11.247858748935373
1799-53556-408,11.305264609756128
1800-53884-273,11.10214653329094
1800-53884-493,11.299210276023627
1801-54156-13,11.32464736358383
1801-54156-197,11.104801410045994
1801-54156-635,11.070200123984366
1802-53885-382,10.947382340304584
1803-54152-454,11.310307645859881
1804-53886-348,10.999720723367961
1806-53559-473,11.198728858569455
1806-53559-481,10.988069264492855
1808-54176-629,11.338759399759246
1810-53794-31,11.026902883152527
1810-53794-48,11.080929592899333
1810-53794-210,11.093073674214255
1810-53794-234,10.957895285626137
1811-53533-270,11.59033837826079
1812-53795-528,11.1086822735821
1812-53795-608,11.20103144674867
1812-53795-613,11.039977630128046
1813-53903-451,11.285775058699594
1815-53884-501,11.287195433563467
1816-53919-17,11.14016216911232
1816-53919-178,11.240292054360724
1816-53919-334,11.057718003780254
1817-53851-51,10.778590904731294
1817-53851-68,11.16198301133717
1817-53851-92,11.079349207225876
1817-53851-126,11.126570230989433
1817-53851-183,11.246725585283125
1817-53851-440,10.977254548540165
1818-54539-251,10.845505092893877
1818-54539-411,10.94771283994659
1818-54539-536,10.766894613956445
1818-54539-578,11.326324953490458
1819-54540-237,11.170557122703551
1819-54540-309,11.006093007561539
1819-54540-533,11.045084536266213
1819-54540-541,10.98843450011225
1820-54208-466,11.300681538263012
1821-53167-468,11.491283668916033
1822-53172-559,10.92593162125928
1822-53172-612,11.405562652766205
1823-53886-85,11.102969753625208
1823-53886-90,11.298884694892841
1824-53491-453,11.023680098074129
1824-53491-478,11.13742661857577
1825-53504-277,11.212391897254724
1825-53504-556,11.217018703940361
1826-53499-55,11.358024555234142
1826-53499-324,10.81143545490954
1828-53504-87,10.9779862163105
1830-54560-78,10.77900427118979
1830-54560-218,11.360083751866924
1830-54560-255,11.326268526333626
1830-54560-364,11.390145057466324
1830-54560-466,11.016115076345661
1832-54259-166,11.062521059300257
1832-54259-485,11.135544374786015
1832-54259-486,10.853344996295185
1832-54259-520,11.164161144214187
1833-54561-23,10.800133439649377
1833-54561-256,11.021653679210813
1833-54561-407,11.16147588152774
1833-54561-418,11.039694606321234
1834-54562-93,10.924112978833396
1834-54562-195,11.020503837465887
1834-54562-410,11.083392907505809
1835-54563-55,10.866200388198447
1835-54563-164,11.205649073431099
1835-54563-452,11.360236571866526
1837-53494-282,11.038134511749016
1839-53471-162,10.878574209433246
1839-53471-540,11.03026559128686
1840-53472-365,11.253451051229753
1841-53491-556,11.174543327013483
1842-53501-224,10.930221159295094
1842-53501-281,11.57288862364148
1842-53501-337,11.005146234582034
1843-53816-514,11.100561878911138
1844-54138-32,11.257634722415617
1844-54138-428,11.314693268705573
1845-54144-547,10.973636963844134
1846-54173-58,11.087283269652323
1846-54173-181,10.809650925604604
1846-54173-243,11.089118823628015
1846-54173-435,10.972818002772254
1847-54176-51,11.045100025402574
1847-54176-493,10.808518694323123
1850-53786-401,11.103358712733117
1851-53524-27,10.946786997926765
1852-53534-12,11.098904265492074
1853-53566-396,11.334461457081174
1854-53566-227,10.99858026725196
1854-53566-446,11.102353615131829
1865-53312-316,11.02266150697799
1866-53314-100,10.97672541404862
1866-53314-372,11.208949614362876
1866-53314-413,10.888055110297522
1867-53317-366,11.316693752411338
1867-53317-569,11.146972644041911
1868-53318-430,11.372819757777178
1869-53327-356,10.836937699135689
1869-53327-362,11.310706409508263
1869-53327-534,11.233124681160048
1870-53383-133,10.887313709455258
1870-53383-609,10.931890535345504
1871-53384-322,11.123042163981177
1872-53386-202,10.81905135205411
1875-54453-439,11.259290494019332
1877-54464-309,10.757672800674582
1877-54464-447,11.188947103164976
1921-53317-387,11.097994468421518
1922-53315-525,10.899999553507136
1926-53317-211,11.050681497523753
1926-53317-265,11.343768300596194
1926-53317-508,11.152842920893134
1928-53327-67,11.332565936381206
1928-53327-188,11.027389088949086
1928-53327-313,11.090458092485894
1928-53327-596,11.274825268889092
1930-53347-96,11.252704080105131
1930-53347-182,11.289476325953821
1931-53358-369,10.909897870347086
1931-53358-504,11.187246892022952
1931-53358-516,11.305713467410705
1931-53358-583,11.29843407148033
1931-53358-638,11.121764337193891
1932-53350-68,11.203367519848047
1935-53387-235,11.21980027749579
1936-53330-319,11.19205341788265
1936-53330-474,10.937560921505638
1937-53388-61,11.010487936128191
1941-53386-88,11.061951925137999
1941-53386-340,11.175972923640641
1942-53415-430,10.88695924524533
1942-53415-569,11.095093459880788
1946-53432-354,11.359366340331501
1948-53388-198,11.126735002144457
1949-53433-280,11.095514500566347
1949-53433-425,11.000505951707119
1949-53433-546,11.08750113705762
1951-53389-131,11.142630793461784
1955-53442-440,10.740589480213687
1976-53401-152,11.125833992352865
1976-53401-494,11.066702354423477
1976-53401-636,11.451106908359629
1978-53473-82,11.071207137725171
1978-53473-503,10.932733840727355
1980-53433-208,10.989924976468961
1980-53433-509,11.053688536538324
1980-53433-551,11.07381841427784
1981-53463-300,11.22872603319988
1983-53442-567,10.951622717641262
1984-53433-339,10.886199372251905
1986-53475-107,11.061763679689989
1988-53469-184,10.963158699632416
1990-53472-105,11.16444396862578
1990-53472-410,11.15315847817421
1991-53446-179,10.943467156790975
1993-53762-597,11.052376647877114
1994-53845-269,11.128572318993028
1995-53415-290,11.201249587658912
1996-53436-515,10.762802457711269
1997-53442-63,11.048870579314077
1997-53442-123,10.78128155974264
1998-53433-574,11.005916092637962
1999-53503-473,11.161284600437012
2002-53471-249,11.377889013213043
2004-53737-139,11.092946836259268
2006-53476-135,10.908509092370368
2007-53474-51,11.147232363156288
2007-53474-70,11.227750353177402
2007-53474-443,11.177982990437748
2009-53904-185,11.175853572138692
2009-53904-313,10.82152390902814
2009-53904-325,11.118098528477022
2010-53495-570,11.29695681982687
2011-53499-24,11.045502366531293
2011-53499-205,11.634604734508889
2012-53493-327,10.916183672514263
2013-53818-44,10.919208622206654
2013-53818-88,11.065485565655358
2013-53818-546,11.16823563664764
2015-53819-578,11.064656922566964
2017-53474-339,11.104615667956477
2019-53430-292,11.222508779299748
2019-53430-427,11.448995822048403
2021-53475-72,11.22304909322171
2021-53475-616,10.987573897900171
2022-53827-472,11.074495450912217
2022-53827-546,11.12699207341689
2023-53851-415,10.876360497650534
2024-53503-51,11.304301385692689
2025-53431-62,11.15524045009573
2025-53431-407,10.948625213143165
2025-53431-462,10.984788330901155
2030-53499-42,11.197964715858028
2030-53499-286,11.323333110738163
2030-53499-444,11.127472942691725
2033-53476-133,11.096218715792451
2033-53476-295,10.92983596006476
2033-53476-419,11.319719264241645
2033-53476-441,11.056523453753213
2033-53476-447,11.117218896862967
2034-53466-95,11.079992498760264
2036-53446-245,10.728640223654097
2080-53350-16,11.193269825376744
2087-53415-47,11.063577571937868
2087-53415-52,10.999522937820366
2087-53415-396,10.92017154665794
2088-53493-152,11.06402155478426
2088-53493-460,10.960870015821879
2089-53498-90,10.802908728572712
2089-53498-138,11.085236644560512
2092-53460-362,11.176590692033797
2092-53460-469,11.04532515781472
2092-53460-599,10.796300002061091
2093-53818-249,10.967488110209745
2093-53818-427,11.207640975484049
2094-53851-18,11.014966641552554
2094-53851-166,10.899771963730451
2094-53851-366,10.860483690085985
2095-53474-325,11.143372428922072
2095-53474-365,11.204621746319539
2097-53491-446,10.91924116823702
2100-53713-221,11.288267011823212
2100-53713-400,11.126147039812182
2100-53713-473,11.128311614379273
2102-54115-489,11.061988966717461
2103-53467-307,11.063086820135464
2103-53467-311,10.874502554463698
2103-53467-313,10.865470196026418
2103-53467-407,11.33937392543001
2104-53852-309,10.681411925335647
2105-53472-6,11.177586095679793
2105-53472-392,10.969884346574627
2106-53714-45,11.108238267832919
2108-53473-608,10.753206693877779
2108-53473-639,11.279948641729607
2109-53468-233,10.942886369151207
2110-53467-412,10.893685476498527
2111-53467-92,11.014106034360351
2114-53848-202,11.11834516805127
2114-53848-204,11.21365791019285
2114-53848-205,10.863300183369784
2114-53848-211,10.935780913483695
2114-53848-214,10.853196191867328
2114-53848-260,10.82085539831458
2114-53848-291,11.336670964724899
2114-53848-481,11.118516506530213
2114-53848-526,11.09911444538974
2115-53535-11,10.683271729967228
2115-53535-141,10.660839526217236
2115-53535-462,11.062701694131741
2116-53854-180,10.966847876517225
2118-53820-542,11.371849752323184
2118-53820-545,11.096178491817009
2119-53792-3,11.247153230935846
2119-53792-561,11.017049215053285
2120-53852-337,10.873873596046282
2120-53852-431,11.20987248170962
2120-53852-516,11.073293290936615
2124-53770-41,11.05012878096714
2124-53770-148,11.171499644495949
2124-53770-282,11.191718726576136
2126-53794-141,11.18108279108393
2126-53794-158,10.990279197306952
2126-53794-348,11.515819317083299
2127-53859-265,11.076654181528252
2127-53859-368,11.093236384515984
2127-53859-376,11.151995374844715
2131-53819-354,10.976326794510404
2131-53819-474,10.951507517365636
2131-53819-515,10.69112150271718
2132-53493-24,11.238334927731215
2132-53493-537,10.952561420986118
2132-53493-583,11.385085247263337
2132-53493-633,11.002275744240915
2133-53917-171,11.039735405070005
2134-53876-639,10.875685321423902
2135-53827-19,11.163906666418404
2135-53827-467,11.164201627079022
2137-54206-171,11.126491006078782
2137-54206-585,11.04682300322771
2139-53878-392,11.073093175225434
2139-53878-605,10.946620342887808
2142-54208-227,11.3491948751242
2142-54208-376,11.201895215839127
2142-54208-573,10.88492715246356
2143-54184-359,11.074671003364493
2143-54184-469,11.160928918534072
2143-54184-504,11.153202319515994
2144-53770-320,10.907051658722729
2145-54212-149,10.986915702328258
2145-54212-625,11.032593904912224
2147-53491-576,11.383667371745023
2148-54526-111,11.109174582981261
2150-54510-457,11.39937869168355
2151-54523-57,11.01583705559985
2151-54523-107,11.042828334231647
2151-54523-213,11.02050875946725
2151-54523-346,11.48454134782323
2153-54212-179,10.830603629751437
2156-54525-40,10.627601507073985
2156-54525-121,10.839904700365132
2156-54525-232,10.74011073098808
2156-54525-239,11.646307883272632
2157-54242-340,11.04473670661844
2157-54242-452,11.22707439684972
2157-54242-540,11.295230572078992
2157-54242-557,10.997865738929098
2157-54242-567,10.837002163814887
2159-54328-426,10.77078456639719
2159-54328-538,11.08200785066537
2161-53878-25,11.226193366806791
2161-53878-166,11.10882538107019
2161-53878-534,11.084311107220513
2162-54207-538,11.230139727165607
2165-53917-174,11.364067480381964
2166-54232-251,11.325086527561126
2166-54232-258,10.733931923645057
2166-54232-461,11.002755913717948
2166-54232-507,10.997087211242768
2168-53886-31,11.130191482500607
2168-53886-599,11.002067507998396
2169-53556-617,11.197365358451261
2172-54230-604,10.926677178386647
2173-53874-349,11.110258732175604
2173-53874-598,11.023607875950466
2196-53534-144,10.877997991303726
2196-53534-214,10.802264411931016
2196-53534-521,10.926158280054926
2197-53555-240,10.964788049034453
2197-53555-269,10.973724840458576
2197-53555-429,10.832816009889996
2199-53556-211,10.98787953086899
2200-53875-209,10.769459307662714
2202-53566-428,10.996283526289975
2203-53915-199,11.247787179571748
2203-53915-495,10.713644198899708
2204-53877-138,11.035347369035946
2205-53793-544,11.193343045782777
2211-53786-103,10.986778145020365
2211-53786-386,11.155848467492149
2211-53786-390,10.889704759401221
2213-53792-37,11.188712406670746
2213-53792-140,10.673037216635613
2213-53792-226,10.774230149878704
2213-53792-433,10.985072652686014
2215-53793-67,10.97463506076733
2215-53793-216,11.0218287899908
2216-53795-131,10.998578224208472
2216-53795-403,10.915229222469398
2216-53795-446,11.085314136536185
2218-53816-248,11.1648171076534
2219-53816-87,11.08501500708744
2219-53816-290,11.046141622647339
2219-53816-488,11.33779992588494
2220-53795-440,11.123961801856888
2221-53792-145,10.715194982819186
2224-53815-193,10.97583222697673
2224-53815-575,11.146224788691176
2225-53729-165,11.089669015025644
2227-53820-10,11.215190941601195
2227-53820-516,10.752626110382362
2229-53823-338,11.172765445458644
2230-53799-22,11.539877497431645
2230-53799-443,11.166667088113986
2230-53799-621,11.087593067346155
2233-53845-373,11.075042350559723
2233-53845-453,11.064442541781737
2237-53828-623,11.23811988582452
2239-53726-270,11.299824242461575
2239-53726-523,11.131636422923595
2240-53823-68,10.893664964701605
2240-53823-476,10.723897949976456
2240-53823-491,10.75051753686166
2240-53823-541,10.750760818261085
2241-54169-168,11.209137634474425
2241-54169-391,10.641458699980625
2241-54169-491,10.96903758083381
2241-54169-500,10.699253881892577
2241-54169-510,10.686062004252534
2241-54169-576,10.685848928724804
2242-54153-440,10.579675961673328
2242-54153-457,10.649637930360615
2242-54153-509,11.319219522264484
2244-53795-266,11.038680438891982
2244-53795-389,10.900551881439371
2246-53767-68,11.204201247999544
2246-53767-385,11.169454326898599
2246-53767-409,11.10540745725155
2246-53767-465,11.338135092877508
2246-53767-480,10.84000679243422
2266-53679-176,11.025416143554166
2269-53711-251,11.110007428010974
2270-53714-195,11.242929431718704
2271-53726-307,10.972626906711302
2272-53713-60,10.94224450658043
2273-53709-172,11.124675366159435
2274-53726-496,11.2406559749936
2276-53712-258,10.923420388476297
2278-53711-359,10.79008048990758
2279-53708-191,11.12928776396904
2282-53683-557,11.011617120065601
2283-53729-538,11.12963847688008
2283-53729-567,11.210220696062684
2284-53708-138,11.133967313253827
2288-53699-166,10.997377519026518
2290-53727-173,10.705273878531685
2292-53713-561,11.051250709774692
2292-53713-578,11.359961017831232
2293-53730-629,10.989032507854484
2294-54524-593,10.772137437316923
2295-53734-417,11.397451858192866
2296-53735-106,11.391881736247772
2296-53735-114,11.231817052328479
2297-53738-392,11.234806787159359
2298-53737-567,11.346538480149373
2342-53742-5,11.153133135155192
2342-53742-48,11.189962137537169
2342-53742-109,11.17568582174704
2342-53742-214,10.85576919277538
2343-53735-140,10.764842120066646
2343-53735-454,11.074528833152938
2344-53740-343,11.343959365143848
2346-53734-22,10.958372656259852
2346-53734-77,11.298886818064872
2349-53734-301,10.779001696253605
2349-53734-319,10.841998700328494
2351-53786-525,10.786771126043451
2352-53770-100,10.81123477030927
2352-53770-264,11.090690662373438
2354-53799-621,11.329344451245236
2356-53786-409,11.07850457081468
2358-53797-382,11.203663554429529
2359-53826-467,11.227084245259451
2359-53826-562,10.677593468951349
2363-53763-198,10.984500348426023
2364-53737-147,11.26550723325189
2366-53741-603,10.949164606246974
2367-53763-614,11.119531798438468
2370-53764-307,10.883740577475589
2371-53762-283,10.86625427908905
2371-53762-397,10.892125985358733
2371-53762-430,11.42638481223938
2419-54139-509,10.707458175794574
2421-54153-152,10.826733248913817
2423-54149-178,10.951781078562782
2423-54149-471,11.327807451102425
2424-54448-523,10.741265728798234
2424-54448-628,11.24407135887881
2426-53795-586,11.389336234366366
2427-53815-138,10.850859608313739
2427-53815-405,11.200450525367316
2428-53801-6,11.324496335910636
2429-53799-25,11.228147307527642
2432-54052-27,11.079421374013904
2432-54052-300,11.238255462279811
2433-53820-331,11.257930371334204
2434-53826-475,11.280299775619632
2435-53828-39,11.480779398331375
2435-53828-177,10.975039718817964
2435-53828-355,11.351737714881912
2435-53828-504,10.918947551241567
2438-54056-340,11.233424460884647
2438-54056-369,11.149482047113741
2439-53795-247,11.07785144241783
2439-53795-422,11.093388491193132
2477-54058-277,10.91511447630406
2478-54097-235,11.049434029134934
2479-54174-76,11.312190556128517
2479-54174-346,11.245355645796899
2479-54174-415,10.897331525361814
2479-54174-438,10.922823925703618
2480-53851-1,11.202050264419595
2480-53851-347,11.097017809504994
2482-54175-97,11.223304696130146
2482-54175-139,11.129006747455955
2482-54175-191,11.017665659448353
2484-54144-210,11.207943907928021
2484-54144-328,10.779651806710438
2485-54176-131,11.27724673606643
2487-53852-26,11.128521010061382
2487-53852-287,11.233515383932355
2487-53852-422,11.051201170898246
2487-53852-493,11.15507149488782
2490-54179-484,11.249333322626832
2491-53855-243,11.05664644146669
2492-54178-608,11.104558758194315
2495-54175-588,11.4919132097885
2495-54175-627,11.109641507975006
2499-54176-114,11.107511360800675
2500-54178-508,11.17221467852477
2500-54178-520,11.037541000068462
2501-54084-572,11.101601063798787
2502-54180-88,11.09372076033095
2502-54180-329,10.78008596167075
2502-54180-527,11.021998623116342
2502-54180-583,10.980123455829371
2508-53875-598,11.454950353211245
2509-54180-229,10.558893716559563
2509-54180-239,10.786309549644487
2509-54180-425,11.15166337239698
2509-54180-462,11.033003802328832
2514-53882-299,11.35090789705033
2522-54570-213,11.29576324228143
2522-54570-479,10.889862056589006
2524-54568-109,10.872012419779049
2524-54568-487,11.443697459508357
2525-54569-267,10.717504079927181
2525-54569-501,11.0156096871408
2528-54571-611,11.277041735663401
2531-54572-241,11.184736455375912
2533-54585-73,11.193721080374804
2533-54585-183,11.163629672831599
2533-54585-422,11.247040245350872
2533-54585-521,11.130462153370193
2572-54056-273,11.005438974501951
2574-54084-180,11.415265680533622
2574-54084-322,11.197456771284575
2575-54085-85,10.93247556389937
2576-54086-465,11.32554796217232
2577-54086-403,11.136421813616577
2577-54086-543,11.01406464192115
2578-54093-82,11.30514838210737
2578-54093-330,11.070434050715827
2579-54068-221,11.260659206465705
2580-54092-364,11.403534867765824
2582-54139-586,11.196834996041995
2583-54095-40,11.149161006893223
2583-54095-366,11.158228428555248
2584-54153-52,10.875332051815814
2584-54153-165,11.159639391860711
2584-54153-471,10.957718707157296
2585-54097-281,11.128756107775638
2585-54097-289,11.11692298261686
2585-54097-402,11.026784272057654
2586-54169-148,11.373075473273568
2588-54174-477,10.772005277235559
2589-54174-290,11.135198718400378
2596-54207-42,11.267591667941216
2598-54232-330,11.044138351068279
2599-54234-2,10.919055176496045
2599-54234-17,11.067147986770715
2599-54234-56,10.822230145782356
2599-54234-152,11.197882978896144
2599-54234-619,11.39631470609376
2599-54234-637,10.9221055165677
2600-54243-187,11.20074468903579
2600-54243-291,11.399480536781034
2600-54243-346,11.00019234457331
2600-54243-351,11.148242560507944
2600-54243-414,10.898941028526648
2600-54243-555,11.138005515509967
2601-54144-210,11.405213786997729
2603-54479-181,11.214370912954639
2603-54479-355,10.875577301716609
2603-54479-447,11.19928315221087
2604-54484-628,11.212338200988583
2605-54484-11,10.911119610885503
2605-54484-497,11.055094780994256
2605-54484-622,11.389268887214824
2606-54154-257,11.509953428414187
2606-54154-296,11.268100001832774
2607-54184-45,11.297812768567306
2607-54184-127,10.991603470031636
2607-54184-403,10.90373913325458
2608-54474-462,10.983158871149097
2608-54474-528,10.863467099339266
2609-54476-105,10.935188203542435
2609-54476-171,10.896670884867488
2609-54476-387,11.03761384425179
2609-54476-520,10.726665051411127
2610-54476-9,11.29519457706355
2610-54476-548,10.958772830804723
2611-54477-224,11.273543223402745
2611-54477-520,10.964075639524618
2613-54481-81,11.061472919862792
2615-54483-254,10.861958761600137
2616-54499-76,10.9695021224035
2616-54499-295,10.889019926476866
2616-54499-326,11.395665354099874
2616-54499-348,11.045642257063468
2617-54502-128,11.336407113484443
2617-54502-245,11.183754806700223
2617-54502-265,11.057599937909645
2618-54506-207,10.787585803100843
2619-54506-120,11.002279748857895
2619-54506-600,11.227551171282322
2641-54230-440,11.055204272393787
2643-54208-558,10.9605881817815
2646-54479-463,11.16182069573162
2646-54479-518,11.109573529842345
2649-54212-14,11.177907274266962
2649-54212-36,11.165424444680392
2649-54212-258,10.879040084266169
2650-54505-152,11.146243801072266
2650-54505-185,11.186273340731093
2651-54507-430,10.869281624463973
2651-54507-467,11.350670713803929
2656-54484-118,11.081991021261423
2656-54484-128,11.39916771881187
2656-54484-211,11.331968956863152
2658-54502-15,10.959948910781476
2659-54498-15,10.982768654883078
2660-54504-537,11.127374926316492
2661-54505-126,10.886712756341481
2661-54505-333,11.445047974986029
2664-54524-342,11.011850603660596
2744-54272-79,11.174378596715071
2744-54272-85,11.157998862965838
2744-54272-431,11.366451398947865
2744-54272-560,10.948100434536403
2744-54272-630,11.318611144944004
2747-54233-505,11.112183310721553
2748-54234-388,11.184137883185018
2752-54533-461,11.012960893174935
2754-54240-231,10.968722938805527
2754-54240-454,11.340702636641897
2755-54507-226,11.380761661040218
2756-54508-336,10.910870835952045
2756-54508-614,10.92374451293039
2757-54509-127,10.952593487734655
2757-54509-312,11.096460561963541
2757-54509-373,10.966731089942412
2757-54509-516,11.333252131745333
2759-54534-230,10.902517796651926
2760-54506-238,10.897328575107718
2760-54506-589,11.039600838650987
2761-54534-296,11.049532088952153
2761-54534-362,11.178764206649092
2761-54534-520,11.084785344960142
2764-54535-362,11.049010494946696
2765-54535-282,11.220803120468554
2766-54242-54,11.224534021685
2767-54243-525,11.025862400181337
2768-54265-57,11.177629971594426
2770-54510-351,10.910603172217806
2773-54533-443,11.055428135913479
2775-54535-567,10.612089739854301
2775-54535-570,11.247724549203514
2776-54554-76,10.740687827776668
2776-54554-396,11.00942859369575
2777-54554-86,11.232759590223427
2777-54554-193,11.101162770347031
2777-54554-506,10.967010145741655
2778-54539-388,11.02088304584252
2780-54557-404,11.320772249381458
2782-54592-637,10.814286304318994
2783-54524-156,11.196842575781115
2784-54529-557,11.143603261889234
2785-54537-48,11.348107144448528
2785-54537-82,10.992114609342238
2786-54540-72,11.267696361789588
2788-54553-539,11.233223361609738
2794-54537-17,11.07108884987482
2794-54537-124,10.853144978979246
2795-54563-574,11.102410995121218
2881-54502-532,10.758503086501488
2881-54502-556,10.803863354669387
2883-54525-474,11.24257871838689
2886-54498-405,11.162235720399671
2886-54498-445,10.830973855581812
2947-54533-47,11.075086135148181
2949-54557-66,11.034775405648867
2949-54557-348,10.977469226754758
2951-54592-618,10.802762445888604
2953-54560-431,10.993533506948719
2954-54561-264,11.128825748058977
2967-54584-63,11.226456744537742
2967-54584-219,11.222581007630342
2967-54584-266,11.113289718181093
2967-54584-294,11.292223063097817
2968-54585-111,10.98798029950122
2969-54586-347,11.309533022628019
2970-54589-150,11.1661652002192
2972-54586-115,11.051979464428843
2972-54586-251,10.97663840383007
